Date,Temperature,Dew_Point,Humidity,Wind_Speed,Pressure,Precipitation,EVI,NDVI
1/1/2017,29,23,74,20,29.83,0,0.2025,0.3091
1/2/2017,29,22,73,21,29.85,0,0.1478,0.22
1/3/2017,29,23,75,23,29.85,0.1,0.127,0.1814
1/4/2017,29,23,76,21,29.83,0,0.123,0.1738
1/5/2017,28,22,76,21,29.8,0,0.1282,0.1862
1/6/2017,28,23,77,21,29.85,0.3,0.1717,0.312
1/7/2017,28,23,77,19,29.88,0.1,0.2391,0.4362
1/8/2017,28,23,77,21,29.88,0.3,0.1522,0.3565
1/9/2017,28,23,77,18,29.88,0.2,0.2858,0.5635
1/10/2017,28,22,77,20,29.83,0,0.4225,0.699
1/11/2017,28,23,76,19,29.83,0,0.3702,0.6181
1/12/2017,28,23,78,19,29.85,0,0.2374,0.3769
1/13/2017,28,23,78,21,29.88,0.2,0.1443,0.2299
1/14/2017,28,22,75,25,29.85,0,0.1285,0.1859
1/15/2017,27,22,77,22,29.83,0,0.1173,0.1765
1/16/2017,28,22,75,23,29.83,0.2,0.1023,0.1836
1/17/2017,27,22,76,23,29.83,0,0.0983,0.2137
1/18/2017,28,22,74,21,29.83,0,0.1923,0.3455
1/19/2017,27,22,76,15,29.83,0.3,0.2637,0.5023
1/20/2017,26,22,80,10,29.85,0.4,0.3883,0.6517
1/21/2017,26,22,82,18,29.94,0.1,0.4406,0.6813
1/22/2017,26,22,81,17,29.97,0.1,0.3904,0.6481
1/23/2017,26,22,80,18,29.91,0.2,0.3317,0.5927
1/24/2017,27,22,79,20,29.88,0.9,0.2278,0.3857
1/25/2017,27,22,78,21,29.91,0.1,0.1426,0.2419
1/26/2017,27,22,77,21,29.91,0.1,0.0879,0.1813
1/27/2017,27,22,78,20,29.88,0.1,0.1033,0.1856
1/28/2017,27,22,77,22,29.85,0.3,0.0996,0.1911
1/29/2017,27,22,78,19,29.85,0.3,0.1087,0.2077
1/30/2017,27,22,78,22,29.85,0.1,0.1438,0.2718
1/31/2017,27,22,79,21,29.88,0.6,0.2327,0.4334
2/1/2017,28,22,76,20,29.85,0,0.2906,0.5957
2/2/2017,27,22,78,21,29.85,0.2,0.4131,0.6231
2/3/2017,27,22,79,19,29.88,0.2,0.3677,0.6507
2/4/2017,27,23,79,19,29.88,0.2,0.2607,0.4667
2/5/2017,27,23,79,19,29.85,0.1,0.1677,0.2735
2/6/2017,28,23,78,22,29.85,0,0.1366,0.2082
2/7/2017,27,23,79,19,29.88,0.1,0.1176,0.1861
2/8/2017,27,23,79,19,29.88,0.3,0.053,0.1544
2/9/2017,27,22,79,15,29.88,0.2,0.0706,0.1798
2/10/2017,27,22,77,14,29.88,0.1,0.1143,0.233
2/11/2017,28,23,77,15,29.88,0,0.1167,0.2458
2/12/2017,28,23,78,13,29.85,0,0.4555,0.7766
2/13/2017,28,23,77,17,29.83,0,0.4758,0.7766
2/14/2017,28,23,77,17,29.8,0.1,0.4769,0.7202
2/15/2017,28,23,78,14,29.83,1.8,0.4222,0.6522
2/16/2017,27,23,80,18,29.85,0.1,0.3368,0.6096
2/17/2017,28,23,77,18,29.85,0.1,0.2682,0.4553
2/18/2017,27,23,80,14,29.85,0.2,0.1653,0.2654
2/19/2017,28,23,78,13,29.85,0,0.142,0.2163
2/20/2017,28,23,76,14,29.8,0,0.1358,0.198
2/21/2017,28,23,79,16,29.8,0.1,0.1285,0.1926
2/22/2017,28,23,78,13,29.83,0.2,0.1325,0.1927
2/23/2017,28,23,77,14,29.85,0,0.129,0.2318
2/24/2017,29,23,75,14,29.85,0.1,0.2079,0.3749
2/25/2017,28,22,75,15,29.8,0.3,0.3846,0.7205
2/26/2017,28,23,77,15,29.8,0,0.3088,0.597
2/27/2017,29,23,74,18,29.8,0,0.472,0.6863
2/28/2017,29,23,75,22,29.77,0,0.3231,0.5824
3/1/2017,29,23,75,18,29.77,0,0.2647,0.4434
3/2/2017,29,23,74,18,29.83,0.3,0.1629,0.379
3/3/2017,28,23,74,19,29.85,0,0.1716,0.361
3/4/2017,28,22,75,20,29.83,0.1,0.1748,0.3121
3/5/2017,28,22,76,14,29.85,0.2,0.1751,0.335
3/6/2017,28,22,74,15,29.88,0,0.608,0.83
3/7/2017,28,23,76,19,29.85,0,0.559,0.8171
3/8/2017,28,22,74,17,29.85,0,0.5572,0.8148
3/9/2017,28,23,77,20,29.88,0.2,0.4809,0.7805
3/10/2017,27,23,79,16,29.85,0.2,0.451,0.7051
3/11/2017,29,23,76,14,29.83,0.6,0.3588,0.7046
3/12/2017,29,23,77,14,29.83,1.5,0.2979,0.6338
3/13/2017,29,23,77,13,29.85,1.4,0.2661,0.5696
3/14/2017,29,23,77,15,29.83,1.6,0.1995,0.4684
3/15/2017,29,23,76,13,29.83,1.6,0.1941,0.3835
3/16/2017,29,23,76,13,29.83,0.9,0.2036,0.3383
3/17/2017,29,23,75,13,29.83,0.7,0.1965,0.3456
3/18/2017,29,23,76,14,29.83,1.1,0.2434,0.4297
3/19/2017,29,24,76,19,29.8,0,0.4367,0.6963
3/20/2017,29,24,77,20,29.85,0.6,0.5237,0.8074
3/21/2017,29,23,75,17,29.85,4.3,0.4228,0.729
3/22/2017,29,24,77,18,29.88,5.5,0.4466,0.7272
3/23/2017,29,23,75,16,29.85,7.2,0.3263,0.6627
3/24/2017,29,23,73,15,29.85,8.6,0.2759,0.6403
3/25/2017,29,23,73,16,29.85,10,0.2374,0.5568
3/26/2017,28,23,73,15,29.88,12,0.2151,0.4813
3/27/2017,28,23,76,16,29.88,5.7,0.2038,0.4128
3/28/2017,29,23,75,15,29.85,9.6,0.1879,0.3627
3/29/2017,29,24,74,17,29.83,0.8,0.2362,0.4015
3/30/2017,29,24,76,18,29.83,1.7,0.3589,0.5532
3/31/2017,29,24,76,18,29.85,1.5,0.4848,0.7073
4/1/2017,29,23,72,17,29.85,0,0.527,0.7964
4/2/2017,29,24,76,22,29.83,0,0.4816,0.7858
4/3/2017,29,24,75,22,29.8,2.1,0.4613,0.747
4/4/2017,29,23,74,20,29.8,4.2,0.3636,0.7316
4/5/2017,29,23,76,17,29.83,1.1,0.3199,0.6442
4/6/2017,29,24,77,16,29.83,0.2,0.2978,0.5969
4/7/2017,29,24,77,20,29.83,0.1,0.2568,0.5228
4/8/2017,29,24,74,25,29.83,1.9,0.1843,0.3514
4/9/2017,29,23,72,23,29.83,1,0.1774,0.2918
4/10/2017,29,23,72,18,29.85,0.2,0.1559,0.28
4/11/2017,29,23,71,18,29.88,1.5,0.1994,0.3573
4/12/2017,29,23,73,19,29.91,4.5,0.4188,0.6501
4/13/2017,29,23,74,21,29.85,1.3,0.6396,0.8552999
4/14/2017,28,23,75,24,29.85,1.9,0.574,0.8422
4/15/2017,28,23,74,24,29.85,1.4,0.4756,0.7884
4/16/2017,29,23,71,18,29.88,2.1,0.3841,0.7301
4/17/2017,28,23,75,16,29.94,2.8,0.313,0.6661
4/18/2017,29,23,74,21,29.91,0.5,0.2404,0.6283
4/19/2017,29,23,73,27,29.85,0,0.222,0.5974
4/20/2017,29,23,74,24,29.88,0.2,0.2178,0.5385
4/21/2017,29,23,73,25,29.88,1.2,0.2285,0.5124
4/22/2017,29,23,73,26,29.91,2.6,0.2642,0.5337
4/23/2017,29,23,72,29,29.91,1.3,0.4214,0.6781
4/24/2017,29,23,74,31,29.91,0.9,0.4795,0.7538
4/25/2017,29,23,73,33,29.88,4.1,0.4345,0.7556
4/26/2017,29,23,75,31,29.85,3.3,0.411,0.7357
4/27/2017,29,23,72,26,29.88,0.4,0.3987,0.7186
4/28/2017,28,23,77,23,29.88,2.7,0.3346,0.7001
4/29/2017,29,23,74,19,29.88,4.3,0.3144,0.6884
4/30/2017,29,23,74,19,29.85,0.7,0.2464,0.6709
5/1/2017,29,23,75,21,29.85,1.4,0.188,0.3461
5/2/2017,28,23,73,22,29.88,0,0.1614,0.2895
5/3/2017,28,23,76,23,29.88,1.9,0.1571,0.2513
5/4/2017,29,23,73,25,29.88,15,0.1684,0.2556
5/5/2017,28,23,77,29,29.88,13,0.4867,0.7295
5/6/2017,28,23,75,27,29.85,15,0.5565,0.8066
5/7/2017,29,23,74,30,29.88,3.9,0.6637,0.8703
5/8/2017,28,23,76,34,29.91,0.9,0.5672,0.8509
5/9/2017,27,23,76,36,29.91,23,0.5582,0.8337
5/10/2017,28,22,73,31,29.88,13,0.4788,0.7475
5/11/2017,28,23,76,34,29.91,4.8,0.2791,0.5413
5/12/2017,28,23,78,33,29.94,3.6,0.1988,0.3766
5/13/2017,28,23,78,28,29.91,0.9,0.1541,0.326
5/14/2017,28,23,77,27,29.91,0.6,0.1278,0.272
5/15/2017,28,23,79,26,29.91,0.2,0.1369,0.2693
5/16/2017,28,23,75,27,29.91,15,0.1546,0.28
5/17/2017,28,23,75,30,29.91,1,0.1639,0.3488
5/18/2017,28,23,74,31,29.91,0,0.343,0.617
5/19/2017,28,22,73,34,29.94,0.3,0.4453,0.7357
5/20/2017,28,22,74,33,29.94,0.2,0.474,0.7586
5/21/2017,28,22,74,32,29.97,0.1,0.5941,0.8223
5/22/2017,28,22,73,34,29.97,0,0.5429,0.8125
5/23/2017,28,22,73,31,29.94,2.3,0.3383,0.6351
5/24/2017,28,22,73,31,29.94,1.7,0.2042,0.422
5/25/2017,28,22,76,28,29.94,2.8,0.1571,0.3214
5/26/2017,28,23,76,26,29.94,1.1,0.1557,0.305
5/27/2017,28,22,75,26,29.94,1.4,0.1423,0.2929
5/28/2017,28,22,74,27,29.91,3.3,0.1592,0.3026
5/29/2017,28,22,75,24,29.91,18,0.1691,0.3342
5/30/2017,28,22,75,23,29.91,2.2,0.2621,0.4532
5/31/2017,27,22,77,22,29.91,26,0.4263,0.701
6/1/2017,27,22,75,26,29.88,4.2,0.4189,0.7359
6/2/2017,27,22,75,26,29.91,0.2,0.6063,0.8192
6/3/2017,28,22,74,27,29.88,0.1,0.4894,0.794
6/4/2017,28,22,75,24,29.88,0,0.2706,0.5222
6/5/2017,28,23,76,21,29.85,0,0.1523,0.3486
6/6/2017,28,22,73,25,29.91,1,0.1368,0.2996
6/7/2017,28,22,73,33,29.91,0.2,0.1256,0.2773
6/8/2017,27,21,71,34,29.94,0.7,0.1446,0.2505
6/9/2017,27,21,73,32,29.94,0.3,0.1485,0.2852
6/10/2017,27,21,71,33,29.94,0,0.1996,0.376
6/11/2017,27,21,74,34,29.91,0.4,0.2437,0.4849
6/12/2017,27,21,73,33,29.94,0.4,0.611,0.8542
6/13/2017,27,21,72,34,29.94,0.4,0.6094,0.8439
6/14/2017,27,19,64,37,29.94,0,0.5861,0.8032
6/15/2017,26,19,65,36,29.94,0,0.5756,0.7832
6/16/2017,26,20,71,32,29.91,0.5,0.3544,0.6347
6/17/2017,26,21,74,23,29.88,0.1,0.2149,0.474
6/18/2017,26,21,77,25,29.91,0.4,0.1878,0.3821
6/19/2017,26,21,75,30,29.97,1.3,0.1808,0.3446
6/20/2017,26,20,72,36,30.03,1.3,0.1709,0.3137
6/21/2017,26,20,72,33,30,0.1,0.1606,0.3013
6/22/2017,27,20,72,31,30,0.7,0.1567,0.3563
6/23/2017,26,20,74,32,30,0.5,0.2638,0.4764
6/24/2017,26,21,76,28,30.03,0.8,0.4866,0.7379
6/25/2017,26,20,75,25,30.03,0.1,0.6698,0.8676
6/26/2017,26,20,75,27,30.03,0.1,0.6326,0.8766
6/27/2017,27,21,74,32,30,0.1,0.522,0.7979
6/28/2017,27,22,76,28,30,0.3,0.2571,0.4923
6/29/2017,27,22,77,22,30,0.9,0.1886,0.3889
6/30/2017,26,21,77,24,30,2.7,0.0606,0.201
7/1/2017,26,21,77,24,30,0.8,0.0687,0.2029
7/2/2017,26,21,75,25,30.03,0.3,0.0729,0.1945
7/3/2017,26,20,74,29,30.03,0.3,0.0854,0.1925
7/4/2017,25,20,75,27,30.06,0.3,0.2004,0.4019
7/5/2017,26,21,77,28,30.03,0.7,0.2851,0.5442
7/6/2017,26,21,79,27,30.03,19,0.6517,0.8291
7/7/2017,26,21,77,26,30.03,3.6,0.6389,0.8129
7/8/2017,26,21,76,32,30,6.1,0.538,0.7784
7/9/2017,25,20,74,34,30.03,2.1,0.413,0.6574
7/10/2017,25,20,75,31,30.06,5.2,0.2318,0.4398
7/11/2017,26,20,74,30,30.03,3.1,0.1909,0.373
7/12/2017,25,20,74,32,30.03,5.7,0.0679,0.2185
7/13/2017,25,20,73,30,30.03,2.3,0.0777,0.2229
7/14/2017,26,20,75,29,30.03,0.3,0.0804,0.2083
7/15/2017,26,20,72,31,30,0.3,0.0978,0.2179
7/16/2017,26,20,73,30,30,0.7,0.2987,0.5675
7/17/2017,26,20,74,31,29.97,0.1,0.31,0.5856
7/18/2017,26,22,78,29,30,4.1,0.2511,0.4708
7/19/2017,25,21,78,27,30,10,0.3797,0.6137
7/20/2017,25,20,76,26,30,6.7,0.5195,0.7923
7/21/2017,25,20,73,27,30,0.3,0.4486,0.7265
7/22/2017,25,20,76,29,30.03,1.6,0.154,0.3526
7/23/2017,26,20,75,28,30,1.1,0.0922,0.2288
7/24/2017,25,20,76,26,30,0.7,0.0828,0.2008
7/25/2017,25,20,75,24,30,0.1,0.086,0.1924
7/26/2017,25,21,77,26,29.97,0.5,0.0876,0.189
7/27/2017,25,20,77,27,29.97,0.5,0.0878,0.1892
7/28/2017,26,21,77,27,29.97,0.7,0.1084,0.2272
7/29/2017,25,21,80,27,29.97,20,0.2073,0.4352
7/30/2017,25,20,78,21,30,0.9,0.3695,0.6647
7/31/2017,25,20,77,23,29.97,0.2,0.5223,0.775
8/1/2017,26,21,79,24,29.97,0.7,0.4709,0.6846
8/2/2017,26,21,77,31,30,4.3,0.2581,0.4709
8/3/2017,26,20,75,35,30,5.3,0.1636,0.3491
8/4/2017,25,20,73,36,30,1.2,0.1296,0.2523
8/5/2017,25,20,77,28,30,3.4,0.098,0.2137
8/6/2017,25,20,77,26,30,3.3,0.0884,0.1945
8/7/2017,25,19,74,28,30,3.7,0.0905,0.1823
8/8/2017,24,19,72,28,30.03,2.2,0.0853,0.182
8/9/2017,24,19,74,26,30.03,2,0.0914,0.2028
8/10/2017,25,20,77,25,29.97,0.4,0.2538,0.4947
8/11/2017,25,20,76,26,30,0.7,0.3341,0.5958
8/12/2017,25,20,76,26,30.03,0.3,0.6028,0.8206
8/13/2017,25,20,77,28,30.03,2.4,0.6332,0.8108
8/14/2017,25,21,78,26,30.03,3.8,0.4304,0.6657
8/15/2017,25,20,76,29,30.03,0.5,0.1996,0.3403
8/16/2017,26,20,75,28,30.03,0.4,0.0836,0.2486
8/17/2017,25,20,76,28,30,2.1,0.0904,0.2204
8/18/2017,25,20,75,28,29.97,0.1,0.0915,0.1993
8/19/2017,25,20,76,25,29.94,0.1,0.09,0.1992
8/20/2017,25,20,76,22,29.97,0.2,0.1005,0.195
8/21/2017,25,21,78,26,30,0.1,0.1138,0.238
8/22/2017,25,21,78,22,30,10,0.2844,0.5763
8/23/2017,25,19,74,27,30,0,0.2844,0.5763
8/24/2017,25,20,78,24,30,1.2,0.6392,0.831
8/25/2017,26,20,76,28,30.03,0.6,0.5669,0.7627
8/26/2017,26,21,76,28,30,0.3,0.3264,0.4761
8/27/2017,26,21,76,24,30,0.2,0.1421,0.2925
8/28/2017,26,21,78,26,30,6.2,0.1066,0.2323
8/29/2017,26,21,75,25,30,0.9,0.1473,0.3188
8/30/2017,26,21,78,26,30,0.9,0.1045,0.2639
8/31/2017,26,21,74,25,30,0.5,0.1139,0.2384
9/1/2017,26,20,76,24,29.97,0.4,0.1362,0.256
9/2/2017,26,21,75,24,30,0.1,0.3963,0.6154
9/3/2017,26,21,78,24,29.97,0.1,0.4111,0.6625
9/4/2017,25,21,80,27,30.03,0.2,0.4489,0.7104
9/5/2017,25,20,76,24,30,0.7,0.4877,0.7155
9/6/2017,25,20,76,23,30,0.3,0.4696,0.7246
9/7/2017,26,20,71,29,30,0.2,0.354,0.6121
9/8/2017,26,20,75,26,29.97,0.5,0.2094,0.4128
9/9/2017,26,21,77,24,29.97,1.1,0.1391,0.2776
9/10/2017,26,21,78,25,30,0.9,0.1294,0.2606
9/11/2017,26,21,77,26,30,0.5,0.1223,0.2453
9/12/2017,26,21,78,25,30,0.1,0.1214,0.2299
9/13/2017,27,21,77,29,30,0,0.1374,0.237
9/14/2017,25,21,77,30,30.03,1,0.1478,0.277
9/15/2017,26,20,73,31,30.03,2.6,0.2693,0.4515
9/16/2017,25,21,77,23,30,0.7,0.3496,0.553
9/17/2017,26,20,76,22,29.94,0.5,0.549,0.7821
9/18/2017,26,20,75,23,29.97,0.2,0.5682,0.7986
9/19/2017,26,21,75,22,29.97,0.6,0.4487,0.7073
9/20/2017,26,21,76,22,29.97,0.8,0.2571,0.5029
9/21/2017,26,21,77,27,29.97,0.3,0.1446,0.3079
9/22/2017,26,20,74,28,29.97,0.1,0.1353,0.2639
9/23/2017,26,21,75,26,30,0.3,0.1376,0.2405
9/24/2017,26,21,77,22,30,0.3,0.135,0.2411
9/25/2017,26,21,76,25,29.97,0.3,0.1466,0.2521
9/26/2017,26,21,77,24,29.94,0.5,0.1472,0.2654
9/27/2017,26,22,78,25,29.97,0.7,0.3499,0.5735
9/28/2017,26,21,80,24,29.94,3.8,0.4088,0.66
9/29/2017,26,22,80,20,29.91,2.8,0.5599,0.778
9/30/2017,27,22,80,19,29.88,0.2,0.5516,0.771
10/1/2017,27,22,78,18,29.88,0.3,0.4262,0.7073
10/2/2017,27,23,80,17,29.91,0.3,0.2372,0.4437
10/3/2017,27,23,80,17,29.97,1,0.149,0.3063
10/4/2017,27,23,80,21,30,1.8,0.1303,0.283
10/5/2017,27,22,77,23,30,1,0.1296,0.265
10/6/2017,28,22,75,25,29.94,0.1,0.1273,0.2504
10/7/2017,26,23,82,26,29.94,56,0.1364,0.2537
10/8/2017,27,22,80,22,29.94,31,0.1587,0.2785
10/9/2017,27,22,77,23,29.94,1.1,0.5244,0.6936
10/10/2017,26,21,77,23,29.91,0.5,0.5081,0.7349
10/11/2017,27,22,78,23,29.94,0.6,0.4748,0.7693
10/12/2017,27,23,81,24,29.97,59,0.447,0.7602
10/13/2017,27,23,78,22,29.94,0.9,0.411,0.6572
10/14/2017,27,22,77,24,29.91,0.7,0.2607,0.5268
10/15/2017,27,22,78,20,29.91,4.8,0.1478,0.3513
10/16/2017,27,23,78,19,29.88,0.5,0.1534,0.2933
10/17/2017,28,23,78,20,29.91,0.8,0.1525,0.2793
10/18/2017,27,23,79,23,29.94,1.5,0.1497,0.2636
10/19/2017,27,22,77,23,29.97,0.2,0.1564,0.2576
10/20/2017,27,22,77,21,29.94,0.1,0.1596,0.2907
10/21/2017,28,22,77,21,29.91,0.5,0.225,0.403
10/22/2017,28,22,77,18,29.91,0.2,0.2786,0.5182
10/23/2017,28,22,75,20,29.91,0.8,0.64,0.825
10/24/2017,27,22,72,22,29.88,0.8,0.5299,0.8084
10/25/2017,28,22,76,22,29.91,0.1,0.5169,0.7437
10/26/2017,28,23,77,20,29.91,0.1,0.2524,0.4625
10/27/2017,28,23,77,23,29.88,0,0.1324,0.321
10/28/2017,28,23,78,22,29.85,0,0.1689,0.3539
10/29/2017,28,23,76,22,29.83,0.6,0.1325,0.2893
10/30/2017,28,23,78,21,29.83,1.4,0.1172,0.2513
10/31/2017,28,24,79,19,29.83,3.6,0.1299,0.2637
11/1/2017,28,23,79,14,29.83,3.6,0.2464,0.4633
11/2/2017,28,24,81,12,29.83,1.4,0.2747,0.4927
11/3/2017,28,24,80,13,29.83,2.2,0.3722,0.6334
11/4/2017,28,24,81,14,29.85,1.1,0.393,0.683
11/5/2017,28,23,79,20,29.91,0.8,0.4532,0.7483
11/6/2017,28,23,75,32,29.91,3.8,0.373,0.5951
11/7/2017,28,22,74,31,29.88,0.1,0.2301,0.4396
11/8/2017,28,23,78,26,29.88,0.5,0.1707,0.3402
11/9/2017,28,22,76,21,29.91,1.8,0.1318,0.2767
11/10/2017,27,22,76,20,29.88,1.5,0.1235,0.2389
11/11/2017,27,22,77,20,29.88,0.3,0.1202,0.2258
11/12/2017,28,23,78,19,29.88,0.1,0.1355,0.2435
11/13/2017,28,23,78,16,29.88,2.1,0.2828,0.5533
11/14/2017,28,23,77,14,29.85,2.8,0.2642,0.5123
11/15/2017,28,23,76,12,29.8,16,0.2325,0.4927
11/16/2017,28,23,75,8,29.85,22,0.3184,0.6442
11/17/2017,28,23,74,14,29.85,2.3,0.3242,0.6099
11/18/2017,28,23,76,21,29.85,0.4,0.2487,0.4992
11/19/2017,28,23,78,18,29.85,6.9,0.1632,0.3384
11/20/2017,28,23,78,17,29.83,0.6,0.1294,0.2665
11/21/2017,28,23,76,16,29.8,8.6,0.1143,0.2398
11/22/2017,29,23,75,11,29.83,7.3,0.1101,0.2258
11/23/2017,29,23,74,12,29.85,8,0.1144,0.2371
11/24/2017,29,24,78,13,29.83,1.9,0.1143,0.2403
11/25/2017,29,24,78,11,29.8,6.9,0.1193,0.2504
11/26/2017,29,23,75,12,29.83,4,0.1656,0.358
11/27/2017,29,23,75,13,29.85,16,0.4899,0.8147
11/28/2017,29,23,75,11,29.91,4.1,0.5478,0.7996
11/29/2017,28,24,78,13,29.91,3,0.3804,0.6568
11/30/2017,28,23,76,16,29.94,1.2,0.2585,0.4479
12/1/2017,29,22,72,13,29.91,2.2,0.2271,0.4347
12/2/2017,29,23,74,14,29.88,1.7,0.1686,0.3319
12/3/2017,29,23,71,15,29.88,1.5,0.1246,0.2559
12/4/2017,29,22,67,16,29.88,0.8,0.1164,0.2347
12/5/2017,29,23,74,13,29.85,0,0.1146,0.2192
12/6/2017,29,24,76,12,29.85,4.1,0.1107,0.2288
12/7/2017,29,25,78,12,29.88,9.8,0.1258,0.2751
12/8/2017,29,25,78,13,29.88,13,0.5003,0.752
12/9/2017,29,24,77,15,29.88,23,0.4955,0.7401
12/10/2017,30,24,75,18,29.88,20,0.5269,0.7625
12/11/2017,29,24,77,17,29.85,9.2,0.4863,0.7037
12/12/2017,29,24,78,16,29.83,5.2,0.3409,0.5798
12/13/2017,29,24,78,16,29.8,9,0.246,0.4852
12/14/2017,29,24,79,15,29.83,30,0.1706,0.364
12/15/2017,29,24,78,14,29.85,33,0.1436,0.3031
12/16/2017,29,24,78,13,29.85,4.3,0.1342,0.2831
12/17/2017,29,24,76,15,29.85,15,0.1322,0.2663
12/18/2017,28,23,77,16,29.85,3,0.1362,0.2546
12/19/2017,28,23,77,17,29.85,2,0.2207,0.462
12/20/2017,28,23,77,17,29.85,1.9,0.2462,0.5121
12/21/2017,29,23,73,13,29.88,1.5,0.5164,0.7755
12/22/2017,29,24,76,17,29.88,1.1,0.6709,0.8459
12/23/2017,29,24,76,18,29.91,4.5,0.4044,0.6646
12/24/2017,29,23,74,15,29.91,8.3,0.3346,0.6455
12/25/2017,29,23,75,14,29.91,0,0.1878,0.3731
12/26/2017,29,23,74,14,29.85,2.1,0.1703,0.3208
12/27/2017,29,24,77,18,29.85,2.1,0.1506,0.2578
12/28/2017,28,23,78,18,29.91,15,0.1331,0.2255
12/29/2017,28,23,78,16,29.85,1.3,0.1288,0.2156
12/30/2017,28,23,77,19,29.85,0,0.1412,0.2276
12/31/2017,28,24,80,18,29.83,0,0.27,0.4557
1/1/2018,28,24,80,18,29.88,0,0.2236,0.4127
1/2/2018,28,24,82,18,29.88,0.1,0.2402,0.4451
1/3/2018,28,24,82,20,29.88,3.2,0.3911,0.6446
1/4/2018,28,23,77,18,29.85,1.2,0.34,0.5966
1/5/2018,29,23,75,20,29.88,0,0.2585,0.4741
1/6/2018,29,24,78,17,29.88,0.2,0.1695,0.2745
1/7/2018,29,24,80,16,29.88,0.7,0.1446,0.2403
1/8/2018,29,24,77,19,29.91,0,0.1349,0.2355
1/9/2018,28,24,78,19,29.85,0.1,0.1284,0.2265
1/10/2018,29,24,79,18,29.85,0.1,0.1219,0.2183
1/11/2018,28,24,79,15,29.88,1.7,0.1384,0.2279
1/12/2018,29,23,77,16,29.88,0.4,0.1503,0.2646
1/13/2018,29,24,79,17,29.85,2.5,0.2557,0.4192
1/14/2018,29,23,77,16,29.85,0.1,0.2744,0.4392
1/15/2018,29,24,77,17,29.83,0.3,0.43,0.6599
1/16/2018,28,24,78,19,29.83,0,0.3513,0.5275
1/17/2018,29,24,78,20,29.8,0.2,0.258,0.4671
1/18/2018,29,23,74,20,29.8,0.4,0.187,0.3281
1/19/2018,29,24,76,17,29.8,4.9,0.147,0.2519
1/20/2018,28,24,79,16,29.83,3,0.1432,0.244
1/21/2018,28,24,79,19,29.85,0.2,0.132,0.224
1/22/2018,28,23,74,22,29.83,0,0.1254,0.222
1/23/2018,28,22,75,22,29.85,0,0.1312,0.2322
1/24/2018,28,23,77,18,29.91,0.1,0.1392,0.2569
1/25/2018,28,23,79,18,29.88,0,0.3162,0.5784
1/26/2018,28,23,79,16,29.88,0,0.2785,0.4582
1/27/2018,29,24,79,18,29.83,0,0.3525,0.5542
1/28/2018,28,24,79,13,29.88,3.5,0.3671,0.5946
1/29/2018,28,24,81,17,29.88,0.7,0.2759,0.4899
1/30/2018,28,23,81,16,29.88,0,0.1693,0.281
1/31/2018,28,23,78,19,29.85,0,0.1508,0.24
2/1/2018,28,23,78,25,29.83,0,0.1428,0.2312
2/2/2018,28,23,74,20,29.88,0,0.1278,0.215
2/3/2018,28,22,75,20,29.88,0,0.122,0.2165
2/4/2018,29,23,77,22,29.85,0,0.121,0.2136
2/5/2018,29,23,78,21,29.85,0,0.1388,0.2424
2/6/2018,28,23,75,20,29.85,0,0.477,0.6442
2/7/2018,29,23,76,17,29.85,0,0.4629,0.6438
2/8/2018,29,24,78,15,29.83,3.1,0.4143,0.6509
2/9/2018,28,24,81,8,29.85,8.3,0.2928,0.5365
2/10/2018,28,24,83,16,29.83,2.5,0.2441,0.4527
2/11/2018,28,24,80,16,29.83,0.1,0.2176,0.3495
2/12/2018,28,24,80,17,29.83,0,0.1563,0.2529
2/13/2018,28,24,81,17,29.83,0,0.1398,0.2365
2/14/2018,28,23,78,17,29.85,0.2,0.1402,0.2369
2/15/2018,28,23,76,18,29.88,0.3,0.1275,0.2297
2/16/2018,28,23,75,17,29.91,0,0.1463,0.2457
2/17/2018,28,23,77,14,29.88,0.3,0.1572,0.2587
2/18/2018,29,23,77,18,29.83,1,0.1741,0.31
2/19/2018,28,23,77,17,29.85,0.3,0.192,0.3387
2/20/2018,28,23,77,20,29.88,0.8,0.4994,0.6924
2/21/2018,28,22,76,19,29.88,0.1,0.4092,0.6097
2/22/2018,28,23,78,17,29.85,0,0.338,0.5809
2/23/2018,27,23,81,10,29.88,0.3,0.1708,0.2805
2/24/2018,28,23,81,14,29.85,0,0.1439,0.2356
2/25/2018,28,24,79,13,29.85,0,0.1016,0.2034
2/26/2018,29,24,78,15,29.83,0,0.0986,0.1909
2/27/2018,29,24,81,15,29.85,0.3,0.0955,0.1796
2/28/2018,29,24,81,17,29.88,0.2,0.0919,0.166
3/1/2018,29,24,80,12,29.94,4.2,0.094,0.1837
3/2/2018,29,24,77,14,29.91,3.4,0.0961,0.1993
3/3/2018,29,24,76,15,29.85,0.1,0.1822,0.4509
3/4/2018,29,24,78,15,29.85,1.8,0.1988,0.4361
3/5/2018,29,24,77,16,29.88,0.1,0.2658,0.544
3/6/2018,29,24,76,15,29.88,0.5,0.226,0.4754
3/7/2018,30,24,75,20,29.83,0,0.111,0.2253
3/8/2018,30,25,75,20,29.8,2.6,0.0902,0.183
3/9/2018,30,25,78,16,29.8,2.9,0.0859,0.1878
3/10/2018,30,25,77,12,29.83,4.9,0.0884,0.1782
3/11/2018,30,25,77,13,29.83,4.4,0.0873,0.1694
3/12/2018,30,25,76,16,29.83,12,0.0826,0.1595
3/13/2018,30,24,74,15,29.88,0.5,0.0873,0.1852
3/14/2018,29,24,75,15,29.85,0.8,0.1173,0.2529
3/15/2018,30,25,76,15,29.85,0.7,0.096,0.2253
3/16/2018,30,25,75,13,29.85,0.1,0.1987,0.4417
3/17/2018,30,25,75,15,29.85,0,0.2916,0.5269
3/18/2018,30,25,74,14,29.88,0,0.2947,0.5417
3/19/2018,31,25,75,13,29.85,0.1,0.1727,0.325
3/20/2018,31,25,75,14,29.83,0,0.114,0.2147
3/21/2018,30,26,79,16,29.83,8.6,0.0903,0.171
3/22/2018,30,25,76,18,29.83,0,0.088,0.1638
3/23/2018,30,24,75,17,29.83,0.2,0.0902,0.1552
3/24/2018,30,25,76,15,29.8,0,0.094,0.1737
3/25/2018,30,24,76,16,29.8,0,0.0895,0.193
3/26/2018,30,24,76,17,29.88,0.1,0.0954,0.2369
3/27/2018,30,24,75,17,29.88,0.1,0.4314,0.6522
3/28/2018,29,25,81,16,29.85,0.1,0.4594,0.6934
3/29/2018,29,24,78,14,29.85,0.1,0.5995,0.7991
3/30/2018,30,24,75,13,29.83,0,0.2,0.3552
3/31/2018,30,25,78,14,29.83,0,0.1321,0.2375
4/1/2018,29,25,78,13,29.83,0.3,0.1249,0.2099
4/2/2018,29,24,78,13,29.77,2.9,0.1209,0.1995
4/3/2018,29,24,78,10,29.83,16,0.1074,0.1916
4/4/2018,29,24,76,11,29.88,0.8,0.1064,0.1842
4/5/2018,30,24,75,11,29.88,2.8,0.1073,0.1881
4/6/2018,29,23,72,12,29.85,19,0.1002,0.2071
4/7/2018,30,24,72,13,29.85,4.4,0.0989,0.2368
4/8/2018,30,24,73,13,29.85,2.2,0.2969,0.5128
4/9/2018,30,24,72,21,29.85,3.3,0.3887,0.6364
4/10/2018,30,24,72,23,29.88,4,0.395,0.6394
4/11/2018,30,24,72,25,29.88,3.3,0.1966,0.3788
4/12/2018,30,23,71,18,29.91,16,0.1291,0.2444
4/13/2018,29,23,71,22,29.88,1.1,0.1166,0.2124
4/14/2018,29,23,75,21,29.85,1.3,0.1106,0.198
4/15/2018,28,23,75,24,29.85,1.9,0.1109,0.1909
4/16/2018,28,23,74,24,29.85,1.4,0.1005,0.1799
4/17/2018,28,23,75,22,29.85,1.4,0.1028,0.18
4/18/2018,28,23,75,21,29.85,1,0.1,0.199
4/19/2018,28,23,76,21,29.85,1.2,0.1066,0.2476
4/20/2018,28,23,76,21,29.85,0.7,0.4204,0.6231
4/21/2018,28,23,76,20,29.85,1.1,0.43,0.6628
4/22/2018,29,24,77,17,29.88,0.7,0.5461,0.7757
4/23/2018,29,25,79,18,29.85,0.4,0.175,0.3026
4/24/2018,29,24,77,20,29.85,1.3,0.1427,0.2426
4/25/2018,29,24,77,25,29.83,11,0.2509,0.4371
4/26/2018,29,24,75,27,29.8,9.5,0.2296,0.4058
4/27/2018,30,24,73,32,29.8,0.6,0.1827,0.3031
4/28/2018,29,23,73,36,29.83,1.6,0.1674,0.2727
4/29/2018,28,23,79,22,29.85,20,0.2003,0.3426
4/30/2018,29,23,77,21,29.83,3.9,0.2086,0.3256
5/1/2018,28,23,74,19,29.85,2,0.3946,0.5929
5/2/2018,29,23,72,18,29.85,0.1,0.4308,0.6255
5/3/2018,29,23,72,21,29.85,0.2,0.4208,0.6415
5/4/2018,29,23,74,21,29.88,1.3,0.3683,0.6052
5/5/2018,29,23,73,22,29.88,1.1,0.3108,0.5732
5/6/2018,29,23,73,31,29.88,7.2,0.2987,0.5248
5/7/2018,29,21,65,37,29.88,0.1,0.2292,0.3911
5/8/2018,29,21,65,37,29.91,0,0.1952,0.3408
5/9/2018,28,22,69,36,29.94,0.3,0.1815,0.3074
5/10/2018,29,22,68,38,29.94,0.5,0.1926,0.3158
5/11/2018,29,22,68,36,29.94,9.2,0.1917,0.3288
5/12/2018,28,22,71,34,29.94,6.3,0.266,0.4435
5/13/2018,28,22,72,32,29.94,2.3,0.3451,0.5484
5/14/2018,28,22,71,31,29.91,0.2,0.3753,0.6112
5/15/2018,28,22,72,29,29.94,0,0.3329,0.608
5/16/2018,28,22,72,30,29.97,0,0.2937,0.5168
5/17/2018,28,22,72,29,29.94,0,0.2767,0.5111
5/18/2018,28,23,75,31,29.94,0,0.2456,0.4524
5/19/2018,28,22,71,35,29.94,0.1,0.2109,0.3704
5/20/2018,27,22,75,29,29.91,1.9,0.2063,0.3451
5/21/2018,27,22,75,28,29.91,2,0.2094,0.343
5/22/2018,27,22,76,27,29.91,1.4,0.1727,0.285
5/23/2018,27,21,73,35,30,0.7,0.1886,0.3355
5/24/2018,27,21,72,36,30.06,1.5,0.273,0.4669
5/25/2018,27,20,71,33,30.06,0.9,0.3725,0.6243
5/26/2018,27,21,72,30,30.03,0.4,0.3789,0.6227
5/27/2018,26,21,74,30,30.03,0.4,0.365,0.5751
5/28/2018,25,20,74,26,30.03,0,0.287,0.4934
5/29/2018,25,21,76,26,30,0,0.2285,0.3979
5/30/2018,27,21,73,30,29.97,0.2,0.2756,0.4841
5/31/2018,27,21,75,27,29.97,0.3,0.2366,0.411
6/1/2018,27,21,74,26,30,0.6,0.1629,0.2753
6/2/2018,27,22,75,26,29.94,0.6,0.1599,0.2705
6/3/2018,27,22,74,29,30,0,0.1594,0.2831
6/4/2018,28,22,73,28,29.97,0.1,0.3252,0.5592
6/5/2018,28,22,73,29,29.94,0,0.3262,0.5326
6/6/2018,28,22,75,27,29.97,0.2,0.3883,0.5887
6/7/2018,28,22,73,29,30,0.8,0.4271,0.6574
6/8/2018,27,21,73,33,30.03,0.3,0.3866,0.6374
6/9/2018,27,21,69,39,30,0.4,0.3515,0.615
6/10/2018,27,21,71,35,30.03,0.5,0.3108,0.5804
6/11/2018,26,21,74,32,30.06,1.2,0.2488,0.4318
6/12/2018,26,21,74,27,30.03,0.3,0.2253,0.4102
6/13/2018,27,21,73,31,30.03,0.1,0.2503,0.4915
6/14/2018,26,20,68,36,30.03,0.5,0.2187,0.3884
6/15/2018,26,20,70,35,30.03,0,0.1975,0.3585
6/16/2018,26,20,72,33,30.06,0.7,0.217,0.378
6/17/2018,26,21,77,26,29.97,1.3,0.2252,0.4115
6/18/2018,26,21,78,27,29.97,0.4,0.4092,0.6181
6/19/2018,26,21,75,27,30,0.3,0.4683,0.6928
6/20/2018,26,21,77,25,30,4.3,0.3863,0.6626
6/21/2018,26,21,77,22,30,6.7,0.3106,0.5391
6/22/2018,26,21,74,30,30,1.1,0.2831,0.5095
6/23/2018,26,20,73,31,30.03,0.2,0.1607,0.2818
6/24/2018,26,20,71,32,30.03,0.1,0.1462,0.2528
6/25/2018,26,20,72,37,30,0.1,0.1266,0.2226
6/26/2018,26,20,74,32,30.03,4.4,0.1254,0.2151
6/27/2018,26,20,75,27,30.06,4.9,0.1756,0.3227
6/28/2018,25,20,76,29,30.03,2.5,0.1963,0.3965
6/29/2018,25,20,75,29,30.03,0.1,0.2672,0.5505
6/30/2018,25,20,73,31,30.03,0.3,0.4635,0.7523
7/1/2018,25,20,73,33,30.03,0.3,0.4779,0.7714
7/2/2018,25,20,77,30,30.03,0.4,0.4235,0.6825
7/3/2018,25,21,78,27,30.03,0.3,0.2548,0.4569
7/4/2018,25,20,76,31,30.03,1.2,0.167,0.313
7/5/2018,26,19,70,38,30.03,0,0.1315,0.2646
7/6/2018,25,19,70,36,30,0.2,0.1205,0.2435
7/7/2018,25,19,72,33,30,0.6,0.1239,0.233
7/8/2018,24,19,74,30,30,0.8,0.1333,0.2272
7/9/2018,24,19,74,33,30.06,1.3,0.1328,0.2949
7/10/2018,25,19,72,33,30.06,0.3,0.2364,0.4774
7/11/2018,25,19,72,36,30.03,1.2,0.4126,0.6649
7/12/2018,24,19,73,37,30.03,3,0.5467,0.7818
7/13/2018,24,18,72,35,30.06,2.1,0.521,0.7356
7/14/2018,24,18,73,30,30.06,0.3,0.4355,0.7157
7/15/2018,24,18,73,28,30.03,0,0.237,0.4612
7/16/2018,24,19,74,30,30,0.7,0.1665,0.3284
7/17/2018,25,19,74,25,30,0,0.0988,0.2456
7/18/2018,25,19,75,28,30.03,0.2,0.1028,0.2312
7/19/2018,25,20,76,30,30,2,0.1239,0.2318
7/20/2018,26,20,74,29,30,1.5,0.1393,0.2514
7/21/2018,25,20,75,28,30,0.7,0.1333,0.2666
7/22/2018,25,20,74,28,30,0.4,0.2222,0.4159
7/23/2018,25,20,74,28,30,0.6,0.2601,0.5321
7/24/2018,25,20,76,27,30,1,0.2949,0.5911
7/25/2018,25,20,75,27,30,0.5,0.3197,0.5722
7/26/2018,25,20,75,27,30,0.3,0.2556,0.5747
7/27/2018,26,20,75,27,30,0.5,0.199,0.3972
7/28/2018,26,20,75,27,30,0.2,0.1493,0.284
7/29/2018,25,20,77,25,29.97,0.7,0.1311,0.2468
7/30/2018,26,20,76,23,29.97,0.3,0.1186,0.2243
7/31/2018,25,20,75,25,29.94,0,0.1059,0.2103
8/1/2018,25,20,75,26,29.97,0,0.1148,0.222
8/2/2018,25,19,71,27,29.97,0,0.1333,0.2599
8/3/2018,25,19,73,25,29.97,0,0.5518,0.8264
8/4/2018,26,20,74,28,29.94,0,0.6009,0.72
8/5/2018,25,19,74,27,29.94,0,0.5893,0.7776
8/6/2018,25,20,75,29,30,0.3,0.5287,0.7672
8/7/2018,26,20,74,31,30.03,0.8,0.3247,0.6065
8/8/2018,25,20,76,30,30.03,1.1,0.2182,0.4426
8/9/2018,26,21,75,27,30.03,1.1,0.1506,0.3264
8/10/2018,26,20,75,29,30.06,1.9,0.1204,0.2755
8/11/2018,25,20,75,24,30.06,1.8,0.1175,0.263
8/12/2018,25,20,75,27,30.06,0.7,0.1224,0.2458
8/13/2018,25,20,75,25,30.03,0.6,0.1109,0.2419
8/14/2018,25,20,77,23,30.03,1.1,0.1421,0.2935
8/15/2018,25,20,78,22,30.03,0.2,0.1809,0.3712
8/16/2018,25,20,79,23,30.03,2.5,0.4533,0.7065
8/17/2018,25,20,78,25,30.06,3.7,0.564,0.7852
8/18/2018,25,20,76,26,30,2.4,0.561,0.8241
8/19/2018,25,20,76,28,30,0.1,0.3984,0.6927
8/20/2018,25,20,76,25,30,0.6,0.2742,0.4987
8/21/2018,25,19,75,25,30,0.9,0.1959,0.3692
8/22/2018,25,20,77,23,30,0.2,0.1216,0.2124
8/23/2018,26,20,75,24,30,0.6,0.1174,0.2039
8/24/2018,26,20,73,27,30.03,0.1,0.1103,0.1802
8/25/2018,26,19,72,30,30.03,1.3,0.1132,0.1779
8/26/2018,26,20,74,29,30,2.4,0.1282,0.1986
8/27/2018,26,20,72,27,30.03,0.8,0.1238,0.2002
8/28/2018,26,20,72,26,30.06,0.6,0.3943,0.5732
8/29/2018,26,20,73,27,30.09,2.1,0.3538,0.5603
8/30/2018,25,20,75,28,30.09,4.8,0.2403,0.4205
8/31/2018,25,20,74,27,30.06,1.7,0.1458,0.2527
9/1/2018,26,19,68,29,30.06,1.1,0.1138,0.1921
9/2/2018,25,19,74,28,30.09,3,0.1069,0.18
9/3/2018,25,19,73,30,30.06,2,0.1011,0.1727
9/4/2018,25,19,73,29,30.03,1.6,0.1064,0.1732
9/5/2018,24,19,77,26,30.06,1.3,0.1069,0.162
9/6/2018,24,19,76,23,30.09,1.7,0.1001,0.1646
9/7/2018,24,19,77,20,30.06,2.3,0.1059,0.1917
9/8/2018,25,20,76,22,30.06,2,0.1291,0.2003
9/9/2018,24,20,76,21,30.03,1.1,0.3026,0.4437
9/10/2018,25,20,75,22,30.03,0.7,0.3313,0.5132
9/11/2018,25,20,79,24,30.06,6.1,0.317,0.5426
9/12/2018,25,19,75,22,30.06,1.1,0.1996,0.3649
9/13/2018,25,19,75,27,30,1.2,0.1722,0.2898
9/14/2018,25,20,76,25,30,0.6,0.128,0.2204
9/15/2018,24,20,77,24,30,0.7,0.1153,0.196
9/16/2018,25,20,75,21,29.97,0.2,0.1052,0.1859
9/17/2018,25,20,75,22,29.97,0.6,0.1095,0.1831
9/18/2018,25,19,73,23,30,0.2,0.1049,0.1745
9/19/2018,25,19,73,27,30.03,0.6,0.1127,0.1879
9/20/2018,26,19,70,31,30.03,0.3,0.2513,0.4267
9/21/2018,26,19,71,25,30,1.7,0.2778,0.4653
9/22/2018,25,19,71,25,30,0.3,0.392,0.6065
9/23/2018,26,20,75,26,30,1,0.3792,0.6088
9/24/2018,26,21,78,24,30,2.9,0.2481,0.4363
9/25/2018,25,21,77,23,29.97,1.9,0.158,0.2649
9/26/2018,25,20,77,21,29.94,0.3,0.1418,0.2383
9/27/2018,25,20,77,24,29.94,0.5,0.131,0.2085
9/28/2018,25,20,76,22,29.97,0.4,0.1261,0.1934
9/29/2018,26,21,78,18,29.97,2.2,0.1179,0.1916
9/30/2018,26,22,79,22,30,5.7,0.1188,0.1876
10/1/2018,26,21,75,23,29.94,0.2,0.1141,0.1951
10/2/2018,26,21,77,22,29.91,0.3,0.1689,0.2902
10/3/2018,26,21,79,20,29.91,0.3,0.2439,0.414
10/4/2018,26,21,78,18,29.91,0.3,0.3068,0.4625
10/5/2018,26,21,78,22,29.91,0.2,0.2413,0.4016
10/6/2018,26,21,77,24,29.91,0.4,0.2578,0.4444
10/7/2018,26,21,76,20,29.91,0.1,0.162,0.2851
10/8/2018,26,20,75,17,29.91,0,0.1359,0.2355
10/9/2018,27,21,77,15,29.94,0.3,0.1149,0.1941
10/10/2018,26,21,78,15,29.97,0.5,0.1096,0.1902
10/11/2018,26,21,78,18,30,0.3,0.1123,0.1881
10/12/2018,26,21,76,21,30,0.5,0.0998,0.1704
10/13/2018,27,20,73,24,30,0.2,0.1132,0.181
10/14/2018,26,21,74,23,30,0.3,0.1312,0.2172
10/15/2018,26,20,75,24,29.97,0.3,0.3709,0.5336
10/16/2018,26,21,75,20,29.94,0.3,0.3725,0.5495
10/17/2018,26,21,73,19,29.94,0.1,0.3801,0.5978
10/18/2018,27,20,72,18,29.94,0.3,0.3171,0.5043
10/19/2018,27,20,71,17,29.94,0.2,0.1564,0.2478
10/20/2018,26,21,74,22,29.97,0.4,0.1402,0.2165
10/21/2018,26,21,76,26,29.97,0.4,0.1128,0.2769
10/22/2018,27,21,73,24,29.94,0.5,0.1025,0.2402
10/23/2018,27,21,75,25,29.97,0.3,0.1051,0.2269
10/24/2018,26,21,74,23,29.94,0.6,0.109,0.2297
10/25/2018,26,21,77,21,29.94,0.3,0.4019,0.6887
10/26/2018,27,22,79,18,29.88,2.2,0.4776,0.737
10/27/2018,26,22,79,17,29.85,1.6,0.4656,0.7046
10/28/2018,26,21,78,15,29.91,0.5,0.4498,0.7146
10/29/2018,27,22,75,16,29.94,0.1,0.3974,0.6226
10/30/2018,27,22,79,16,29.91,0.2,0.2904,0.5448
10/31/2018,28,23,79,17,29.88,0.2,0.2091,0.4462
11/1/2018,28,23,77,15,29.91,0.5,0.16,0.3548
11/2/2018,28,23,78,15,29.91,1.2,0.1349,0.2897
11/3/2018,27,23,80,14,29.91,1.7,0.1217,0.2554
11/4/2018,27,23,79,14,29.94,1.2,0.1122,0.2395
11/5/2018,27,23,79,15,30,1.6,0.133,0.2648
11/6/2018,27,22,78,16,30,2.6,0.1344,0.3016
11/7/2018,27,22,77,20,29.97,1.7,0.2396,0.5405
11/8/2018,27,22,77,20,29.97,0.4,0.5088,0.7827
11/9/2018,27,22,77,18,29.97,0.5,0.6271,0.8083
11/10/2018,27,22,77,17,29.97,2.9,0.4761,0.7215
11/11/2018,27,22,77,15,29.91,2,0.3201,0.5835
11/12/2018,27,22,77,13,29.85,10,0.2251,0.4782
11/13/2018,28,23,76,14,29.85,3.3,0.1809,0.3896
11/14/2018,28,23,77,16,29.88,27,0.158,0.3438
11/15/2018,27,23,79,15,29.91,11,0.1153,0.2861
11/16/2018,27,22,77,13,29.88,5.1,0.1228,0.2722
11/17/2018,28,23,77,18,29.85,1.3,0.1313,0.2934
11/18/2018,28,23,78,16,29.85,0.2,0.1555,0.3283
11/19/2018,28,23,78,13,29.85,10,0.2341,0.4964
11/20/2018,28,23,77,12,29.88,7.9,0.37,0.6587
11/21/2018,28,23,78,13,29.85,7.8,0.4256,0.696
11/22/2018,28,23,78,18,29.85,2.4,0.5977,0.7697
11/23/2018,28,22,76,19,29.88,0.7,0.3986,0.6875
11/24/2018,28,23,78,18,29.88,0.8,0.258,0.4742
11/25/2018,28,22,76,18,29.91,0.3,0.1885,0.3709
11/26/2018,27,23,78,18,29.85,0,0.1083,0.2811
11/27/2018,28,23,78,15,29.88,0.3,0.1289,0.2589
11/28/2018,28,23,77,14,29.88,1.9,0.1075,0.2401
11/29/2018,28,23,77,12,29.88,7.2,0.0976,0.2394
11/30/2018,28,22,77,11,29.88,6.7,0.1163,0.293
12/1/2018,28,22,76,15,29.91,9.9,0.5709,0.8042
12/2/2018,27,23,79,14,29.91,2.6,0.5624,0.8008
12/3/2018,28,23,80,17,29.88,1.9,0.5103,0.7624
12/4/2018,27,23,80,17,29.91,28,0.434,0.6782
12/5/2018,27,23,78,13,29.91,6.8,0.2919,0.5802
12/6/2018,27,22,78,14,29.88,3.1,0.2751,0.5532
12/7/2018,28,22,74,14,29.88,8.5,0.2305,0.5091
12/8/2018,28,22,75,14,29.91,6.7,0.1761,0.3999
12/9/2018,28,23,76,12,29.94,2.1,0.1341,0.3194
12/10/2018,28,23,77,11,29.91,6.7,0.1326,0.2957
12/11/2018,28,23,78,12,29.88,14,0.1238,0.2907
12/12/2018,28,23,76,11,29.88,10,0.2781,0.5597
12/13/2018,28,23,77,11,29.88,9.2,0.4089,0.6993
12/14/2018,28,23,79,15,29.88,7.1,0.6243,0.8294
12/15/2018,28,22,74,13,29.88,3.7,0.5839,0.8073
12/16/2018,28,22,73,11,29.88,7.4,0.5153,0.7606
12/17/2018,29,23,76,12,29.91,3.3,0.3323,0.5695
12/18/2018,28,23,77,14,29.88,8.8,0.2601,0.4942
12/19/2018,28,24,79,17,29.85,2.1,0.1786,0.3934
12/20/2018,28,23,76,17,29.85,11,0.1588,0.3517
12/21/2018,28,23,77,16,29.85,1.1,0.1617,0.3253
12/22/2018,28,23,78,19,29.85,14,0.1493,0.2954
12/23/2018,28,23,79,16,29.91,12,0.1485,0.2933
12/24/2018,28,23,77,14,29.88,1.6,0.5527,0.7748
12/25/2018,28,23,76,15,29.85,0.3,0.5267,0.7768
12/26/2018,28,23,75,13,29.85,1.1,0.5103,0.7584
12/27/2018,29,23,75,17,29.85,2.2,0.4648,0.7649
12/28/2018,29,23,74,14,29.85,3.3,0.4671,0.7346
12/29/2018,28,23,77,12,29.85,2.7,0.3309,0.6804
12/30/2018,28,23,77,13,29.88,1.9,0.2397,0.5948
12/31/2018,28,23,78,13,29.88,4.5,0.2252,0.5511
1/1/2019,28,23,78,14,29.88,3.6,0.2199,0.5161
1/2/2019,28,23,78,15,29.85,5.8,0.2868,0.5296
1/3/2019,28,23,77,17,29.88,1.3,0.2984,0.5206
1/4/2019,28,23,77,17,29.88,2.2,0.2611,0.4115
1/5/2019,28,23,77,18,29.88,0.2,0.2946,0.5319
1/6/2019,28,23,78,18,29.85,1.5,0.4734,0.7397
1/7/2019,28,23,77,17,29.88,0.1,0.5077,0.7641
1/8/2019,28,23,76,18,29.85,0,0.5246,0.7646
1/9/2019,28,23,78,19,29.83,0,0.4669,0.7772
1/10/2019,28,23,76,19,29.83,0,0.3471,0.6575
1/11/2019,28,22,75,22,29.85,0.1,0.2668,0.5812
1/12/2019,28,22,74,25,29.85,0,0.1518,0.3917
1/13/2019,28,22,75,22,29.88,0,0.1711,0.4609
1/14/2019,28,22,75,15,29.85,0,0.2657,0.5436
1/15/2019,28,22,74,17,29.8,0,0.3273,0.5402
1/16/2019,28,23,74,17,29.83,1.3,0.2369,0.4301
1/17/2019,28,22,74,17,29.88,0,0.2468,0.4734
1/18/2019,28,23,76,19,29.85,0,0.3406,0.6141
1/19/2019,28,23,77,16,29.88,1,0.5711,0.7889
1/20/2019,28,23,75,18,29.88,0.7,0.5246,0.7821
1/21/2019,28,23,74,21,29.85,0,0.449,0.7313
1/22/2019,28,23,76,17,29.88,0.1,0.3524,0.7231
1/23/2019,28,22,76,17,29.91,0,0.3296,0.6634
1/24/2019,27,23,78,16,29.91,1.8,0.2503,0.5327
1/25/2019,28,22,75,14,29.88,0,0.1695,0.3741
1/26/2019,28,23,78,15,29.88,0.1,0.1619,0.3418
1/27/2019,28,23,76,16,29.91,0,0.1645,0.3099
1/28/2019,28,23,78,18,29.91,0,0.1537,0.3005
1/29/2019,28,23,80,16,29.85,0.2,0.174,0.353
1/30/2019,28,23,80,16,29.85,0.1,0.5794,0.8622
1/31/2019,28,24,80,19,29.85,0,0.5971,0.8222
2/1/2019,28,24,81,17,29.85,0.1,0.5072,0.787
2/2/2019,28,23,79,18,29.85,0.7,0.4806,0.7944
2/3/2019,28,23,79,17,29.85,0,0.3778,0.7209
2/4/2019,28,23,76,19,29.85,0,0.3485,0.6632
2/5/2019,29,23,75,21,29.85,0,0.2408,0.6238
2/6/2019,28,23,77,21,29.88,0.1,0.2207,0.5609
2/7/2019,27,23,79,19,29.88,0.1,0.191,0.4749
2/8/2019,27,23,80,20,29.85,0.1,0.271,0.5642
2/9/2019,27,22,79,21,29.85,0.2,0.376,0.6638
2/10/2019,27,22,78,22,29.85,0.2,0.3871,0.6354
2/11/2019,27,22,79,19,29.85,0.3,0.3839,0.6745
2/12/2019,27,23,79,15,29.85,0.4,0.527,0.7827
2/13/2019,28,23,78,14,29.85,0,0.5089,0.779
2/14/2019,28,23,78,13,29.85,0.2,0.4031,0.7013
2/15/2019,29,24,79,16,29.85,0.2,0.294,0.6666
2/16/2019,28,23,79,17,29.88,0,0.2383,0.6056
2/17/2019,28,23,77,15,29.88,0.3,0.1988,0.58
2/18/2019,28,23,76,14,29.88,0.1,0.1177,0.2968
2/19/2019,29,24,77,14,29.88,1.2,0.1088,0.2636
2/20/2019,29,24,78,14,29.88,1.1,0.1038,0.2293
2/21/2019,29,24,77,21,29.85,12,0.1039,0.2258
2/22/2019,28,23,74,20,29.85,0,0.1391,0.2954
2/23/2019,28,23,76,16,29.85,0.2,0.164,0.3711
2/24/2019,28,24,79,19,29.85,0.1,0.1876,0.4243
2/25/2019,28,24,80,18,29.85,9.9,0.2539,0.5705
2/26/2019,28,23,78,14,29.88,0.1,0.2847,0.598
2/27/2019,28,23,78,13,29.83,7.9,0.2735,0.5416
2/28/2019,28,23,78,14,29.8,0.3,0.2102,0.4354
3/1/2019,28,24,79,16,29.83,3,0.1608,0.3144
3/2/2019,28,23,77,17,29.85,1.5,0.1312,0.2663
3/3/2019,28,24,79,12,29.85,0.7,0.1216,0.23
3/4/2019,29,24,76,14,29.8,0.2,0.1175,0.2143
3/5/2019,29,24,77,13,29.8,0,0.1243,0.2107
3/6/2019,29,24,78,13,29.77,0,0.1244,0.2976
3/7/2019,29,23,77,12,29.77,0,0.2657,0.5206
3/8/2019,29,23,74,14,29.74,0,0.2714,0.5493
3/9/2019,29,23,73,16,29.74,0,0.4543,0.7181
3/10/2019,29,23,73,17,29.77,0,0.3972,0.6897
3/11/2019,29,24,75,16,29.77,0.1,0.3153,0.5822
3/12/2019,29,24,76,16,29.83,0.4,0.1959,0.3929
3/13/2019,29,23,75,15,29.85,1.7,0.1442,0.2899
3/14/2019,29,23,74,14,29.85,0,0.1285,0.2539
3/15/2019,30,24,74,20,29.83,1.1,0.1273,0.2423
3/16/2019,29,24,74,15,29.8,0.5,0.1235,0.236
3/17/2019,30,24,74,15,29.8,2.1,0.1382,0.2508
3/18/2019,30,24,73,14,29.83,5.4,0.1857,0.3713
3/19/2019,29,24,73,16,29.88,7.6,0.2164,0.4177
3/20/2019,30,24,72,15,29.88,3.1,0.3192,0.5981
3/21/2019,30,24,73,17,29.85,0.8,0.3227,0.6486
3/22/2019,30,24,74,16,29.85,4.3,0.2529,0.5294
3/23/2019,29,23,73,15,29.85,4.9,0.316,0.5591
3/24/2019,29,23,73,12,29.85,6.9,0.1977,0.363
3/25/2019,29,24,74,14,29.85,1.7,0.1817,0.3327
3/26/2019,29,24,74,14,29.85,1.5,0.124,0.2462
3/27/2019,30,24,75,16,29.85,2.5,0.125,0.2419
3/28/2019,30,24,76,13,29.88,2.4,0.1307,0.2124
3/29/2019,29,24,75,11,29.88,5.3,0.1215,0.2258
3/30/2019,29,23,73,13,29.85,1.4,0.1451,0.2899
3/31/2019,29,24,75,12,29.88,6.5,0.4322,0.7597
4/1/2019,29,23,75,14,29.91,8.4,0.3431,0.6403
4/2/2019,29,23,73,13,29.91,0.5,0.4942,0.7458
4/3/2019,29,23,72,16,29.91,0.2,0.4519,0.7414
4/4/2019,30,23,72,19,29.88,1.1,0.3442,0.671
4/5/2019,30,24,72,26,29.91,0.6,0.2553,0.5689
4/6/2019,29,23,72,27,29.91,1.6,0.214,0.4023
4/7/2019,29,23,73,23,29.85,1.1,0.182,0.3689
4/8/2019,29,22,71,17,29.85,8.7,0.1575,0.3252
4/9/2019,29,23,72,17,29.88,1.4,0.144,0.2825
4/10/2019,29,23,75,14,29.88,9.9,0.1245,0.2589
4/11/2019,29,23,74,15,29.85,7.8,0.1817,0.3335
4/12/2019,28,23,76,20,29.83,16,0.2203,0.4556
4/13/2019,28,23,77,21,29.85,0.1,0.3776,0.689
4/14/2019,28,23,78,20,29.88,0.3,0.544,0.8326
4/15/2019,29,24,76,24,29.88,0,0.4597,0.7773
4/16/2019,29,24,74,25,29.85,0,0.3889,0.7101
4/17/2019,29,24,76,23,29.85,0.4,0.1982,0.3712
4/18/2019,29,24,78,22,29.85,1.1,0.1674,0.3321
4/19/2019,29,24,77,18,29.88,3,0.1391,0.3073
4/20/2019,29,23,75,15,29.88,2.6,0.1233,0.2636
4/21/2019,28,23,75,15,29.88,4.6,0.1188,0.2347
4/22/2019,29,23,76,20,29.88,0.8,0.1278,0.2415
4/23/2019,29,23,75,23,29.88,1.6,0.1657,0.3424
4/24/2019,29,23,74,23,29.88,2.3,0.2318,0.5113
4/25/2019,29,23,73,23,29.91,2.2,0.3872,0.696
4/26/2019,29,23,73,25,29.91,1.2,0.5354,0.8168
4/27/2019,29,23,73,25,29.91,2.6,0.5765,0.8505
4/28/2019,29,23,74,30,29.91,1.1,0.3798,0.6587
4/29/2019,29,23,73,35,29.91,0.6,0.256,0.4826
4/30/2019,28,23,75,34,29.94,6,0.1331,0.3185
5/1/2019,28,22,75,32,29.94,11,0.1298,0.2794
5/2/2019,28,22,74,30,29.91,3.7,0.1294,0.2583
5/3/2019,28,22,74,30,29.91,12,0.1144,0.237
5/4/2019,28,22,74,31,29.88,15,0.1204,0.2485
5/5/2019,28,23,78,29,29.88,10,0.3257,0.5605
5/6/2019,28,23,75,22,29.91,3.6,0.5033,0.7281
5/7/2019,28,23,75,25,29.91,1.9,0.5896,0.802
5/8/2019,28,23,77,25,29.91,12,0.5911,0.8208
5/9/2019,28,23,78,27,29.91,12,0.5402,0.8038
5/10/2019,27,23,81,28,29.91,17,0.4233,0.6429
5/11/2019,28,23,79,27,29.91,0.3,0.2324,0.4755
5/12/2019,28,23,76,25,29.91,0.8,0.1579,0.3813
5/13/2019,28,22,77,26,29.91,0.3,0.1234,0.3151
5/14/2019,28,22,77,26,29.91,1.9,0.1147,0.2763
5/15/2019,27,22,77,27,29.91,0.8,0.1076,0.2412
5/16/2019,28,22,74,26,29.94,8.3,0.1114,0.2556
5/17/2019,28,22,75,29,29.94,0.8,0.327,0.5467
5/18/2019,28,22,74,29,29.91,5.4,0.3572,0.596
5/19/2019,28,22,76,27,29.91,6.1,0.4239,0.708
5/20/2019,28,22,75,29,30,3.6,0.5634,0.8341
5/21/2019,28,22,75,31,30,12,0.5736,0.823
5/22/2019,27,22,76,33,29.97,1.2,0.3839,0.6316
5/23/2019,27,22,76,29,29.94,3.5,0.2157,0.4408
5/24/2019,27,22,76,26,29.97,4.5,0.135,0.2964
5/25/2019,28,22,76,26,29.94,1.4,0.1006,0.2548
5/26/2019,28,22,74,30,29.91,0.7,0.1003,0.2349
5/27/2019,28,22,72,26,29.91,0,0.0925,0.2162
5/28/2019,28,22,74,29,29.91,0,0.0904,0.2238
5/29/2019,28,23,77,27,29.94,1.1,0.1014,0.2585
5/30/2019,28,23,75,25,29.94,3.4,0.5732,0.7985
5/31/2019,28,22,73,31,30,0.4,0.5837,0.8243
6/1/2019,28,22,71,33,30,0.7,0.6341,0.8737
6/2/2019,28,22,72,35,29.97,1.2,0.6546,0.8044
6/3/2019,27,21,71,33,29.97,0,0.391,0.6054
6/4/2019,28,22,75,31,29.97,2.4,0.2418,0.4903
6/5/2019,27,22,74,29,29.97,0.5,0.1407,0.3724
6/6/2019,27,22,74,29,29.97,0.5,0.1056,0.2804
6/7/2019,27,21,75,27,29.97,1.3,0.1051,0.2793
6/8/2019,27,21,74,28,29.97,0.6,0.1031,0.2582
6/9/2019,27,22,74,27,29.94,0.2,0.103,0.2414
6/10/2019,27,21,75,29,29.97,0,0.1917,0.4314
6/11/2019,27,21,73,32,29.97,0.1,0.5453,0.7532
6/12/2019,27,22,77,29,29.97,1.7,0.5297,0.854
6/13/2019,27,22,78,25,29.94,14,0.5703,0.8003
6/14/2019,27,22,76,28,29.94,2.9,0.5881,0.8179
6/15/2019,28,22,74,31,29.94,1,0.3152,0.5818
6/16/2019,27,22,76,28,29.94,0.3,0.2335,0.4896
6/17/2019,27,22,76,26,29.97,0.6,0.103,0.2779
6/18/2019,27,22,73,29,29.94,0.6,0.1347,0.3125
6/19/2019,27,21,72,30,29.94,1,0.1383,0.3003
6/20/2019,27,21,74,31,29.97,2.4,0.1433,0.2948
6/21/2019,27,21,73,29,29.97,3.6,0.1481,0.2976
6/22/2019,27,21,73,29,29.94,0,0.4717,0.6881
6/23/2019,27,21,73,29,29.97,0.2,0.4723,0.7245
6/24/2019,27,21,75,27,29.97,0,0.5395,0.8142
6/25/2019,27,21,76,23,29.97,4.4,0.5743,0.8277
6/26/2019,26,21,76,24,29.97,4.8,0.5723,0.7902
6/27/2019,26,20,71,32,29.97,1.4,0.4316,0.7418
6/28/2019,26,20,72,32,30,0.2,0.2214,0.522
6/29/2019,26,20,74,26,30,1.3,0.1285,0.3173
6/30/2019,26,21,75,28,30,1.1,0.1203,0.2728
7/1/2019,26,21,74,33,30,0.6,0.1266,0.2764
7/2/2019,26,20,72,32,29.97,0.5,0.1306,0.2657
7/3/2019,26,20,73,30,29.97,0.9,0.1298,0.2587
7/4/2019,26,20,72,31,30,1.5,0.3687,0.6536
7/5/2019,26,20,74,27,30,0.3,0.4628,0.7042
7/6/2019,26,20,74,28,30.03,0.1,0.5053,0.7645
7/7/2019,26,20,73,29,30.03,0.5,0.5451,0.8111
7/8/2019,26,20,74,32,30.03,1.7,0.565,0.8382
7/9/2019,27,20,71,33,30.03,0.6,0.504,0.7826
7/10/2019,26,20,70,28,30,0.1,0.3169,0.5845
7/11/2019,26,19,70,29,29.97,0.1,0.2391,0.5116
7/12/2019,26,20,71,26,30,0.8,0.1556,0.3762
7/13/2019,26,19,69,31,30,0,0.1213,0.3042
7/14/2019,26,19,69,33,30,0.2,0.1515,0.3374
7/15/2019,26,19,68,31,30,0,0.1883,0.3577
7/16/2019,26,20,72,32,30,0.3,0.2806,0.5058
7/17/2019,26,21,76,27,29.97,0.6,0.4127,0.6466
7/18/2019,26,21,77,27,30,2.2,0.5488,0.7319
7/19/2019,26,21,77,27,30.03,0.2,0.5914,0.8121
7/20/2019,26,21,75,30,30.03,0.1,0.5911,0.822
7/21/2019,25,21,78,25,30,1.5,0.4267,0.7798
7/22/2019,25,20,76,23,29.97,1.6,0.3417,0.6317
7/23/2019,25,20,74,24,30,1,0.3026,0.6138
7/24/2019,25,20,76,25,30,0.4,0.1331,0.3244
7/25/2019,25,20,75,24,30,0.2,0.127,0.2957
7/26/2019,26,20,72,26,29.97,0,0.1379,0.2778
7/27/2019,26,20,72,30,29.97,0.6,0.1514,0.3198
7/28/2019,25,20,74,28,30,0.4,0.1827,0.3693
7/29/2019,26,20,73,25,30.03,0,0.5222,0.7591
7/30/2019,26,21,74,26,30,0.2,0.5156,0.7618
7/31/2019,26,22,79,29,30,2.6,0.491,0.7976
8/1/2019,26,22,80,28,30,8.3,0.5864,0.816
8/2/2019,26,21,79,25,30.03,3.2,0.4939,0.8008
8/3/2019,26,22,80,22,30.06,5.3,0.3737,0.7282
8/4/2019,25,21,79,21,30.06,6.1,0.2951,0.6224
8/5/2019,25,20,79,23,30.03,6.2,0.2048,0.4496
8/6/2019,25,20,77,25,30,2.8,0.1654,0.3499
8/7/2019,25,20,76,25,30,1.7,0.1646,0.344
8/8/2019,25,19,74,26,30,0.1,0.1819,0.4059
8/9/2019,26,20,73,28,30,0.9,0.3627,0.6563
8/10/2019,25,20,75,26,30.03,1.1,0.5212,0.7942
8/11/2019,26,20,74,27,30,0,0.5426,0.8752
8/12/2019,25,20,75,25,30,4.2,0.5967,0.7554
8/13/2019,25,20,77,26,30,2,0.4776,0.7621
8/14/2019,25,21,79,26,30,3.1,0.4502,0.75
8/15/2019,25,21,79,24,30,6,0.3466,0.6952
8/16/2019,26,21,78,24,30,7.2,0.2445,0.5562
8/17/2019,26,21,78,21,29.97,1.5,0.1261,0.2596
8/18/2019,26,21,78,18,29.94,1.5,0.1298,0.2628
8/19/2019,26,22,81,21,29.94,0.2,0.1147,0.2187
8/20/2019,26,22,79,23,29.97,1.8,0.1071,0.2089
8/21/2019,26,22,79,23,30,6.3,0.5737,0.7744
8/22/2019,26,21,78,27,29.97,9.1,0.5504,0.7727
8/23/2019,26,21,77,27,29.94,5.4,0.508,0.7412
8/24/2019,26,21,77,23,29.91,0,0.4613,0.7072
8/25/2019,25,21,78,21,29.91,0.2,0.391,0.6388
8/26/2019,25,21,77,22,29.94,0.4,0.4148,0.6725
8/27/2019,26,21,76,24,29.94,0.1,0.2914,0.5338
8/28/2019,26,21,76,28,29.94,1.1,0.1592,0.308
8/29/2019,26,21,76,28,29.94,0.9,0.1443,0.2504
8/30/2019,26,21,75,29,29.94,1.3,0.1364,0.2262
8/31/2019,26,21,76,24,29.94,0.2,0.1169,0.2125
9/1/2019,26,20,75,24,29.97,0.2,0.1298,0.212
9/2/2019,26,21,75,24,29.97,0,0.14,0.263
9/3/2019,26,21,79,22,29.97,0.9,0.2941,0.5265
9/4/2019,26,21,77,21,29.97,0,0.4673,0.7082
9/5/2019,26,21,76,27,30,0.2,0.4406,0.7181
9/6/2019,26,21,76,26,30.03,0.2,0.4183,0.6807
9/7/2019,25,20,75,22,30.03,0.2,0.2665,0.5511
9/8/2019,26,21,77,22,29.97,0.7,0.1791,0.4188
9/9/2019,25,21,79,23,29.97,3.9,0.1622,0.3625
9/10/2019,25,20,76,26,29.97,2.2,0.155,0.3202
9/11/2019,26,20,75,26,29.97,1.6,0.1989,0.3301
9/12/2019,26,20,75,24,29.94,1.1,0.2017,0.3084
9/13/2019,26,21,75,22,29.97,1.9,0.2546,0.3492
9/14/2019,26,21,78,24,29.97,1.8,0.2353,0.3687
9/15/2019,26,21,77,22,29.97,0.8,0.359,0.5567
9/16/2019,26,21,79,20,29.94,1.2,0.4775,0.7078
9/17/2019,26,21,76,19,29.94,0,0.5635,0.7815
9/18/2019,26,20,73,21,29.94,0,0.5197,0.7353
9/19/2019,26,21,77,21,29.97,0.1,0.4261,0.6495
9/20/2019,27,22,80,20,30,11,0.3187,0.5531
9/21/2019,26,22,79,22,30,13,0.3287,0.545
9/22/2019,26,21,76,24,30,10,0.1672,0.2946
9/23/2019,26,21,76,21,29.97,1.2,0.1595,0.269
9/24/2019,26,21,77,20,29.97,0,0.1439,0.2205
9/25/2019,26,22,78,21,29.97,0.3,0.138,0.2201
9/26/2019,26,21,77,19,29.94,0.4,0.1435,0.2394
9/27/2019,26,21,77,16,29.91,0,0.677,0.8839
9/28/2019,26,21,77,19,29.94,0.5,0.6484,0.8316
9/29/2019,26,22,80,23,29.97,0.8,0.6623,0.8572
9/30/2019,26,21,78,24,29.94,2.4,0.6307,0.8124
10/1/2019,26,21,78,21,29.97,1.4,0.4157,0.6029
10/2/2019,26,20,75,23,29.97,2.1,0.2687,0.5212
10/3/2019,25,20,75,22,29.94,0.3,0.2232,0.4218
10/4/2019,26,21,77,20,29.91,0.5,0.0436,0.3103
10/5/2019,27,22,80,21,29.94,1.7,0.0956,0.3323
10/6/2019,27,22,76,22,29.94,0.1,0.1219,0.3651
10/7/2019,25,22,83,20,29.94,1.4,0.1613,0.355
10/8/2019,27,22,78,19,29.91,2.7,0.234,0.437
10/9/2019,27,22,79,16,29.91,0.8,0.2832,0.5678
10/10/2019,27,22,76,15,29.85,0.5,0.3147,0.7035
10/11/2019,26,21,77,17,29.83,0.2,0.4181,0.7494
10/12/2019,26,21,75,17,29.85,0,0.2552,0.626
10/13/2019,27,22,75,16,29.85,0,0.2465,0.5536
10/14/2019,27,22,76,18,29.88,0.2,0.2147,0.4912
10/15/2019,27,22,76,23,29.91,0.3,0.114,0.4356
10/16/2019,27,22,77,24,29.91,0.4,0.1004,0.2651
10/17/2019,27,21,75,17,29.94,0,0.0975,0.2358
10/18/2019,27,22,77,15,29.88,0,0.103,0.2295
10/19/2019,27,22,77,15,29.85,0.1,0.1093,0.2194
10/20/2019,28,22,75,14,29.88,0.2,0.206,0.4004
10/21/2019,27,22,76,16,29.94,1.1,0.4928,0.7541
10/22/2019,27,22,78,20,29.97,3.3,0.5018,0.7511
10/23/2019,27,22,75,25,29.94,0.5,0.5373,0.8185
10/24/2019,27,23,79,27,29.91,14,0.5458,0.8215
10/25/2019,27,23,82,20,29.88,21,0.4837,0.7514
10/26/2019,27,23,80,13,29.91,7.6,0.2596,0.519
10/27/2019,27,23,80,10,29.91,2,0.1236,0.3163
10/28/2019,28,23,81,12,29.85,1.4,0.1202,0.2753
10/29/2019,27,23,82,14,29.88,0.2,0.1056,0.232
10/30/2019,27,23,80,16,29.91,1.3,0.1073,0.214
10/31/2019,28,22,77,20,29.91,1.1,0.1018,0.2287
11/1/2019,27,23,78,22,29.94,0.6,0.2495,0.526
11/2/2019,27,23,80,22,29.94,31,0.3538,0.6206
11/3/2019,27,22,79,17,29.91,39,0.3722,0.6572
11/4/2019,27,23,81,19,29.88,15,0.4811,0.7516
11/5/2019,27,23,81,16,29.88,14,0.4756,0.7877
11/6/2019,27,22,78,17,29.88,1.4,0.3882,0.7289
11/7/2019,27,23,78,17,29.85,1.7,0.188,0.3948
11/8/2019,28,23,77,14,29.85,0.7,0.1204,0.2838
11/9/2019,28,23,76,11,29.85,1.3,0.0744,0.2163
11/10/2019,28,23,80,13,29.85,9.7,0.0781,0.2017
11/11/2019,28,23,78,12,29.83,0.5,0.0836,0.1954
11/12/2019,28,23,76,13,29.85,0.4,0.0819,0.1973
11/13/2019,28,23,77,13,29.85,7.2,0.0863,0.2051
11/14/2019,28,23,77,13,29.85,7.5,0.3028,0.5899
11/15/2019,28,23,75,12,29.85,4.2,0.3359,0.6483
11/16/2019,28,22,75,11,29.85,8.2,0.4991,0.7749
11/17/2019,28,23,74,11,29.85,3.1,0.4968,0.7374
11/18/2019,28,23,75,13,29.85,1.5,0.3289,0.6244
11/19/2019,28,23,75,11,29.85,4.7,0.2648,0.5092
11/20/2019,28,22,74,11,29.88,17,0.0966,0.2896
11/21/2019,28,22,73,10,29.88,9.3,0.0855,0.2251
11/22/2019,28,23,75,9,29.85,13,0.0796,0.204
11/23/2019,28,23,75,10,29.85,4.2,0.0841,0.1923
11/24/2019,28,23,75,12,29.83,1.6,0.0816,0.1978
11/25/2019,28,23,76,11,29.85,3.5,0.0859,0.2235
11/26/2019,29,23,73,9,29.88,2.8,0.3414,0.6296
11/27/2019,29,23,75,11,29.91,13,0.465,0.7253
11/28/2019,29,24,79,16,29.91,0.9,0.6235,0.8599
11/29/2019,28,24,79,17,29.88,2.6,0.6941,0.8287
11/30/2019,28,24,79,14,29.88,8.6,0.5051,0.7147
12/1/2019,28,23,77,12,29.91,15,0.2021,0.4462
12/2/2019,28,23,75,9,29.88,9.4,0.1134,0.3195
12/3/2019,28,23,76,11,29.85,3.5,0.0965,0.2599
12/4/2019,28,23,75,11,29.88,2,0.0806,0.2305
12/5/2019,28,23,76,11,29.88,3.3,0.0866,0.2202
12/6/2019,28,23,75,11,29.88,4.4,0.0917,0.2078
12/7/2019,28,23,76,10,29.83,15,0.2228,0.4987
12/8/2019,28,23,77,11,29.83,14,0.2432,0.5156
12/9/2019,28,23,80,16,29.83,19,0.4187,0.7102
12/10/2019,27,23,81,21,29.83,20,0.5442,0.8148
12/11/2019,27,23,77,21,29.85,0.6,0.5625,0.7777
12/12/2019,28,23,78,18,29.91,0.7,0.3266,0.5206
12/13/2019,27,22,77,15,29.91,2.2,0.1327,0.3219
12/14/2019,27,23,81,16,29.91,1.4,0.1283,0.2707
12/15/2019,27,23,79,13,29.88,0,0.3147,0.4825
12/16/2019,28,23,79,13,29.85,0.1,0.2457,0.3673
12/17/2019,28,23,79,13,29.85,0,0.1609,0.2591
12/18/2019,28,23,79,15,29.88,0,0.1523,0.2617
12/19/2019,28,23,80,19,29.88,2.4,0.4133,0.6919
12/20/2019,27,23,82,20,29.88,14,0.41,0.6593
12/21/2019,27,23,81,17,29.91,6.6,0.5215,0.7596
12/22/2019,27,22,78,14,29.94,1.1,0.5266,0.8403
12/23/2019,27,23,80,16,29.91,1,0.5004,0.7787
12/24/2019,27,23,79,19,29.85,0.1,0.5158,0.7439
12/25/2019,28,23,78,18,29.83,0,0.429,0.676
12/26/2019,27,23,79,17,29.85,0,0.3721,0.5737
12/27/2019,27,23,80,15,29.85,0.2,0.3111,0.4903
12/28/2019,28,23,79,15,29.83,0,0.1866,0.3262
12/29/2019,27,23,80,17,29.85,0.1,0.1504,0.2681
12/30/2019,27,23,79,15,29.85,0,0.1563,0.2676
12/31/2019,27,23,79,16,29.88,0.1,0.2673,0.501
1/1/2020,27,22,78,16,29.85,0.2,0.2956,0.5432
1/2/2020,27,23,79,18,29.8,0.1,0.5121,0.7751
1/3/2020,28,23,79,14,29.77,0.5,0.5613,0.7645
1/4/2020,27,23,80,18,29.77,5.4,0.4992,0.7581
1/5/2020,28,23,78,13,29.83,5,0.4479,0.739
1/6/2020,27,23,80,15,29.8,1.8,0.389,0.6587
1/7/2020,27,22,77,16,29.8,0,0.3674,0.5995
1/8/2020,27,22,76,17,29.83,0,0.3024,0.4997
1/9/2020,27,22,77,19,29.83,0,0.2284,0.3777
1/10/2020,27,22,76,20,29.85,0,0.1857,0.3027
1/11/2020,27,22,78,22,29.85,0,0.2128,0.3106
1/12/2020,27,22,75,21,29.85,0,0.2156,0.3074
1/13/2020,27,21,75,19,29.88,0,0.3492,0.6288
1/14/2020,26,20,73,19,29.88,0,0.3939,0.6655
1/15/2020,27,21,75,19,29.85,0,0.4969,0.7529
1/16/2020,27,22,76,19,29.85,0,0.5742,0.7763
1/17/2020,27,22,80,19,29.85,0,0.4852,0.7683
1/18/2020,27,22,79,18,29.83,0.1,0.4301,0.6867
1/19/2020,27,22,79,17,29.83,0.1,0.3565,0.5715
1/20/2020,27,22,79,18,29.83,0,0.2754,0.4224
1/21/2020,27,22,79,18,29.85,0.2,0.1661,0.2896
1/22/2020,27,22,79,16,29.85,0,0.1596,0.2604
1/23/2020,27,22,78,19,29.85,0.3,0.1508,0.261
1/24/2020,26,21,78,15,29.85,0.1,0.1728,0.2913
1/25/2020,27,21,76,14,29.85,0,0.338,0.5432
1/26/2020,27,22,77,15,29.83,0,0.5214,0.7687
1/27/2020,27,22,78,13,29.83,0,0.594,0.807
1/28/2020,27,22,78,12,29.85,0,0.5325,0.7934
1/29/2020,27,22,77,11,29.85,0,0.5304,0.7272
1/30/2020,27,22,78,13,29.83,0,0.4288,0.7009
1/31/2020,28,22,77,15,29.83,0,0.3702,0.6057
2/1/2020,27,22,77,15,29.85,0.4,0.3038,0.509
2/2/2020,27,22,78,16,29.88,0.6,0.2601,0.4405
2/3/2020,27,22,79,18,29.85,0.8,0.2112,0.382
2/4/2020,27,22,77,16,29.88,0.1,0.2367,0.3905
2/5/2020,27,22,78,16,29.85,0.1,0.2282,0.4038
2/6/2020,27,23,78,21,29.85,0.1,0.2943,0.5053
2/7/2020,28,22,75,23,29.85,0.1,0.3672,0.5903
2/8/2020,27,22,75,23,29.85,0.1,0.4421,0.7578
2/9/2020,27,22,77,18,29.88,0.1,0.5277,0.8312
2/10/2020,27,22,77,14,29.85,0.1,0.4728,0.7297
2/11/2020,27,22,79,14,29.85,0.2,0.4729,0.7136
2/12/2020,27,22,75,12,29.88,0,0.3802,0.623
2/13/2020,28,22,76,12,29.94,0.1,0.1653,0.3688
2/14/2020,28,23,75,12,29.97,0,0.1572,0.3351
2/15/2020,28,23,77,14,29.91,3.7,0.1738,0.3273
2/16/2020,28,23,77,14,29.94,3.5,0.1957,0.3924
2/17/2020,28,23,76,14,29.94,0,0.3904,0.6558
2/18/2020,28,23,76,12,29.91,0.1,0.4431,0.7447
2/19/2020,28,23,77,13,29.85,0.3,0.4628,0.7752
2/20/2020,28,23,76,13,29.83,0,0.4779,0.7796
2/21/2020,29,23,75,11,29.8,0,0.4161,0.7434
2/22/2020,29,23,77,14,29.77,0,0.3508,0.5812
2/23/2020,28,23,77,15,29.77,0,0.274,0.5479
2/24/2020,28,23,75,14,29.77,0.3,0.2133,0.4178
2/25/2020,28,23,77,13,29.8,0,0.1371,0.3496
2/26/2020,29,23,75,13,29.8,0.1,0.1396,0.3339
2/27/2020,29,23,74,12,29.8,0,0.1385,0.3196
2/28/2020,29,23,73,14,29.8,0,0.1797,0.3379
2/29/2020,29,23,75,14,29.77,0,0.2357,0.4392
3/1/2020,29,23,75,13,29.77,7.4,0.3842,0.6703
3/2/2020,28,23,74,10,29.8,38,0.4669,0.7692
3/3/2020,27,23,77,13,29.8,18,0.4598,0.8498
3/4/2020,27,22,76,13,29.83,11,0.4751,0.7529
3/5/2020,28,22,72,20,29.83,0.9,0.3903,0.7204
3/6/2020,29,24,79,17,29.83,6,0.3549,0.686
3/7/2020,29,24,79,17,29.83,2.1,0.263,0.5483
3/8/2020,29,24,80,17,29.83,0.1,0.2175,0.4314
3/9/2020,29,24,77,20,29.8,0,0.1664,0.3609
3/10/2020,28,23,76,16,29.8,0,0.1816,0.3679
3/11/2020,27,24,81,15,29.83,1,0.2226,0.416
3/12/2020,28,24,81,11,29.85,15,0.2534,0.4729
3/13/2020,28,24,79,14,29.85,5.7,0.3605,0.6487
3/14/2020,29,24,79,15,29.83,0,0.5066,0.7782
3/15/2020,29,24,80,13,29.8,23,0.4483,0.6982
3/16/2020,29,24,77,9,29.8,10,0.5262,0.794
3/17/2020,29,23,73,12,29.77,1.6,0.3674,0.7278
3/18/2020,29,24,80,13,29.77,14,0.2219,0.504
3/19/2020,28,24,81,16,29.83,13,0.167,0.3943
3/20/2020,28,23,77,14,29.85,1.4,0.1714,0.3636
3/21/2020,28,23,76,11,29.91,3.9,0.1566,0.3315
3/22/2020,28,22,73,10,29.91,0,0.1757,0.318
3/23/2020,29,23,72,11,29.85,0,0.166,0.3361
3/24/2020,29,24,75,13,29.83,0.6,0.1933,0.4011
3/25/2020,29,24,76,13,29.85,1.9,0.4311,0.7564
3/26/2020,28,23,76,10,29.88,10,0.6003,0.8375
3/27/2020,29,23,74,12,29.88,9,0.4946,0.8324
3/28/2020,28,23,73,11,29.85,0.9,0.5326,0.8238
3/29/2020,29,22,70,12,29.88,0,0.4377,0.7381
3/30/2020,29,23,73,15,29.88,0,0.3609,0.6948
3/31/2020,29,23,74,13,29.85,0.8,0.3239,0.6225
4/1/2020,29,23,73,14,29.8,0,0.2598,0.5
4/2/2020,29,23,75,15,29.8,0.2,0.2283,0.4221
4/3/2020,29,23,75,13,29.8,1.3,0.1918,0.3746
4/4/2020,28,23,77,15,29.83,1.5,0.1672,0.3612
4/5/2020,28,23,77,20,29.8,1.8,0.2109,0.4629
4/6/2020,28,23,78,18,29.8,2.2,0.3998,0.7157
4/7/2020,29,23,74,17,29.8,1,0.516,0.8013
4/8/2020,28,23,75,15,29.83,3.5,0.5627,0.8372
4/9/2020,28,23,76,19,29.83,0.3,0.4703,0.8141
4/10/2020,29,24,76,20,29.8,3.6,0.4478,0.7806
4/11/2020,29,24,76,19,29.8,0,0.3426,0.6351
4/12/2020,29,23,74,12,29.8,28,0.2759,0.5284
4/13/2020,29,24,75,18,29.85,14,0.1737,0.3063
4/14/2020,28,24,78,27,29.85,13,0.1641,0.2811
4/15/2020,27,23,80,31,29.85,9.6,0.124,0.1991
4/16/2020,28,22,74,32,29.85,1.3,0.1034,0.1598
4/17/2020,27,23,80,25,29.88,16,0.1846,0.354
4/18/2020,28,24,78,24,29.91,1.1,0.1846,0.354
4/19/2020,28,24,77,24,29.88,0.1,0.2668,0.4864
4/20/2020,28,24,79,23,29.85,4.6,0.3199,0.639
4/21/2020,29,23,76,21,29.85,0,0.3481,0.6224
4/22/2020,29,23,75,23,29.83,0,0.2996,0.5418
4/23/2020,29,24,77,21,29.85,6.2,0.2499,0.4612
4/24/2020,28,23,75,22,29.88,1.3,0.1725,0.2979
4/25/2020,28,23,76,22,29.88,0.8,0.0361,0.1529
4/26/2020,28,23,75,23,29.88,0.4,0.0477,0.1604
4/27/2020,28,23,75,22,29.88,3.2,0.051,0.1492
4/28/2020,28,23,77,23,29.91,17,0.0549,0.1448
4/29/2020,28,24,78,24,29.91,5.9,0.1181,0.3588
4/30/2020,27,23,80,26,29.91,19,0.146,0.3651
5/1/2020,26,24,86,25,29.91,47,0.1772,0.4083
5/2/2020,25,23,86,23,29.94,44,0.3248,0.5935
5/3/2020,27,23,83,23,29.91,20,0.3542,0.6296
5/4/2020,27,23,83,23,29.88,7.6,0.3009,0.5572
5/5/2020,27,23,79,25,29.91,14,0.2695,0.5281
5/6/2020,27,23,80,26,29.91,14,0.217,0.3627
5/7/2020,28,23,79,26,29.91,3.4,0.1063,0.2048
5/8/2020,27,23,80,26,29.91,12,0.0842,0.1598
5/9/2020,27,23,81,24,29.88,6,0.0954,0.1535
5/10/2020,27,23,81,21,29.91,14,0.0855,0.148
5/11/2020,28,23,79,23,29.88,2.3,0.089,0.16
5/12/2020,28,23,79,25,29.88,5.2,0.2308,0.452
5/13/2020,27,23,82,22,29.85,2.7,0.2755,0.5332
5/14/2020,27,24,82,24,29.85,3.3,0.3242,0.5913
5/15/2020,28,23,80,24,29.85,3.4,0.4351,0.6105
5/16/2020,27,23,79,27,29.88,0.8,0.3208,0.5893
5/17/2020,27,23,78,27,29.91,4.4,0.238,0.4633
5/18/2020,27,22,75,29,29.88,0,0.2163,0.4091
5/19/2020,28,23,76,28,29.88,0.1,0.1264,0.1984
5/20/2020,28,23,77,28,29.88,1.9,0.0881,0.1691
5/21/2020,27,23,79,23,29.88,12,0.0454,0.1448
5/22/2020,27,22,79,20,29.94,5.8,0.0559,0.1641
5/23/2020,27,22,78,22,29.97,3.9,0.0816,0.2077
5/24/2020,27,23,77,27,29.94,1.1,0.1619,0.3892
5/25/2020,27,23,79,23,29.91,6.9,0.3852,0.7339
5/26/2020,27,23,79,25,29.91,6.8,0.3628,0.7002
5/27/2020,27,22,77,26,29.94,5.5,0.4291,0.6836
5/28/2020,27,22,73,30,29.97,0.3,0.3442,0.6321
5/29/2020,27,22,75,28,29.94,3,0.2606,0.5015
5/30/2020,28,22,75,29,29.91,0.4,0.1516,0.2766
5/31/2020,27,23,78,23,29.94,24,0.0914,0.1856
6/1/2020,27,22,78,19,29.97,6.3,0.0928,0.1793
6/2/2020,27,22,78,24,29.97,3.5,0.098,0.1707
6/3/2020,27,22,77,25,29.94,0.7,0.0897,0.1715
6/4/2020,27,21,73,30,29.91,2.1,0.1054,0.1851
6/5/2020,27,20,66,33,29.91,0,0.1206,0.2525
6/6/2020,27,21,71,34,30,1.2,0.192,0.3607
6/7/2020,26,20,71,33,30.03,0.2,0.1734,0.4242
6/8/2020,26,20,73,29,30.03,0.7,0.1504,0.3574
6/9/2020,26,20,71,29,30,0.6,0.2541,0.5292
6/10/2020,27,21,72,29,30.03,0.4,0.2695,0.5546
6/11/2020,27,21,73,27,30.03,0.2,0.2367,0.4681
6/12/2020,27,22,76,25,30.03,9,0.1383,0.275
6/13/2020,26,22,77,26,30,6.2,0.1257,0.2417
6/14/2020,27,21,75,26,30,1.2,0.1202,0.2187
6/15/2020,26,22,77,22,30,0.3,0.1217,0.2153
6/16/2020,26,21,78,22,30,0.1,0.2578,0.55
6/17/2020,26,21,78,21,30,0.7,0.3398,0.6119
6/18/2020,26,21,78,22,29.97,1.4,0.4968,0.7669
6/19/2020,26,21,77,21,29.97,2.1,0.6223,0.8135
6/20/2020,26,22,78,22,30,0.3,0.5576,0.8209
6/21/2020,27,22,78,24,30.03,1.8,0.4673,0.7209
6/22/2020,26,21,76,28,30,11,0.3063,0.5639
6/23/2020,26,21,76,28,30,3.2,0.1297,0.2639
6/24/2020,26,20,73,28,29.97,0,0.138,0.2623
6/25/2020,26,21,77,26,29.97,6,0.1263,0.2282
6/26/2020,26,21,77,27,29.97,9.1,0.1172,0.2233
6/27/2020,26,21,74,27,29.97,0.1,0.1228,0.2121
6/28/2020,26,22,77,26,29.94,0.6,0.2459,0.4674
6/29/2020,26,21,77,25,29.94,1.8,0.2699,0.4913
6/30/2020,26,21,77,26,29.94,3.6,0.367,0.614
7/1/2020,26,21,77,22,29.94,6.6,0.645,0.8074
7/2/2020,26,21,76,23,29.97,3.1,0.6446,0.8211
7/3/2020,25,21,78,23,30,6.1,0.462,0.7459
7/4/2020,26,20,74,26,30.03,1.9,0.1734,0.4219
7/5/2020,26,20,73,30,30.03,0.9,0.0952,0.2543
7/6/2020,26,20,74,32,30.06,0.7,0.1029,0.2504
7/7/2020,25,20,74,30,30.03,2.4,0.1036,0.2164
7/8/2020,25,20,75,28,30.03,6.5,0.11,0.2207
7/9/2020,26,21,74,30,30.03,1.1,0.1134,0.2144
7/10/2020,26,20,75,28,30.06,0.9,0.1293,0.2447
7/11/2020,26,21,77,26,30.06,3.5,0.2333,0.4128
7/12/2020,25,21,76,27,30.06,2.2,0.2262,0.4551
7/13/2020,26,20,74,25,30.03,2.1,0.2646,0.5299
7/14/2020,26,21,75,25,30.03,0.9,0.3533,0.5546
7/15/2020,26,20,75,27,30.03,2.5,0.2923,0.5233
7/16/2020,26,20,72,29,30.06,0.7,0.2058,0.383
7/17/2020,26,19,67,31,30.03,0,0.1519,0.2858
7/18/2020,26,19,66,36,30.03,1.2,0.1321,0.2503
7/19/2020,25,20,72,32,30.03,1.9,0.1264,0.2365
7/20/2020,25,20,75,27,30.03,2.3,0.1102,0.2035
7/21/2020,25,20,75,27,30.06,1.9,0.1228,0.2251
7/22/2020,24,20,77,26,30.09,3.2,0.1399,0.265
7/23/2020,25,20,76,28,30.06,2.5,0.5013,0.7361
7/24/2020,25,20,74,31,30.03,1.8,0.574,0.8176
7/25/2020,25,20,75,30,30.03,2.7,0.5567,0.809
7/26/2020,25,20,76,28,30.03,0.6,0.5246,0.8119
7/27/2020,26,21,79,24,30.03,0.4,0.4608,0.7479
7/28/2020,25,21,81,23,30,1.1,0.2902,0.5684
7/29/2020,26,22,81,22,30,1.6,0.1612,0.3797
7/30/2020,25,21,80,20,30,1.4,0.1526,0.2987
7/31/2020,25,21,80,19,29.97,0.7,0.1565,0.2862
8/1/2020,25,21,79,20,29.97,0,0.1641,0.2711
8/2/2020,25,20,77,22,29.97,0,0.1401,0.2477
8/3/2020,25,21,79,22,30,0.1,0.1501,0.2854
8/4/2020,26,21,79,24,30.03,0.1,0.1693,0.3424
8/5/2020,25,21,77,22,30.06,2.4,0.1941,0.3816
8/6/2020,26,21,76,21,30.06,1.9,0.4764,0.762
8/7/2020,26,21,78,21,30.03,0.2,0.5276,0.8101
8/8/2020,26,21,79,21,30,0.8,0.4862,0.7351
8/9/2020,26,21,77,22,30.03,0.2,0.1819,0.3487
8/10/2020,25,20,72,26,30.06,0.9,0.1516,0.2928
8/11/2020,26,21,76,26,30.09,5.6,0.1693,0.3416
8/12/2020,26,21,75,25,30.09,5.3,0.1471,0.2792
8/13/2020,26,21,76,26,30.09,7.4,0.1245,0.234
8/14/2020,26,21,76,26,30.06,2.6,0.1206,0.2156
8/15/2020,25,20,76,28,30.06,5.2,0.1347,0.2497
8/16/2020,25,21,77,27,30.06,2.9,0.1811,0.3443
8/17/2020,25,20,75,27,30.03,3,0.3015,0.5327
8/18/2020,25,20,76,24,30,2.3,0.3701,0.6648
8/19/2020,25,20,75,27,30,2,0.4511,0.749
8/20/2020,26,20,75,28,30,0.5,0.4201,0.6895
8/21/2020,26,21,75,26,30.03,1.2,0.2445,0.4685
8/22/2020,26,21,76,24,30,0.5,0.154,0.3119
8/23/2020,26,20,76,22,30,0.3,0.1286,0.2643
8/24/2020,26,21,76,23,29.97,0.1,0.1233,0.2297
8/25/2020,26,21,79,25,30,9.4,0.1126,0.2166
8/26/2020,26,20,74,24,29.97,0.6,0.1212,0.2282
8/27/2020,25,20,75,22,29.97,0.2,0.1188,0.2563
8/28/2020,26,20,75,24,29.97,0.2,0.1878,0.3925
8/29/2020,26,20,75,26,30,0.1,0.2498,0.5091
8/30/2020,26,20,75,24,30,0.3,0.3248,0.6008
8/31/2020,25,21,77,21,29.97,0.6,0.4049,0.7033
9/1/2020,26,21,76,22,29.97,1.6,0.302,0.5628
9/2/2020,25,21,78,21,29.97,0.4,0.1667,0.3269
9/3/2020,26,21,77,23,29.94,0,0.1376,0.2709
9/4/2020,26,22,80,20,29.97,2.2,0.1229,0.2327
9/5/2020,26,22,80,18,30,1.7,0.1247,0.2187
9/6/2020,26,21,78,20,30,2.5,0.1343,0.2308
9/7/2020,26,21,78,18,29.97,2.1,0.1257,0.2273
9/8/2020,27,21,74,18,29.97,0.8,0.1285,0.236
9/9/2020,26,22,80,18,29.97,3.4,0.1715,0.3265
9/10/2020,26,22,78,18,29.97,1.9,0.2836,0.6158
9/11/2020,26,21,77,21,30,0.6,0.3366,0.6588
9/12/2020,26,22,79,22,29.97,1.2,0.3505,0.6434
9/13/2020,26,22,79,22,29.97,18,0.2843,0.5433
9/14/2020,27,22,78,22,29.97,0.3,0.1679,0.3511
9/15/2020,26,21,76,20,29.97,0.5,0.1517,0.294
9/16/2020,26,21,74,21,29.94,0.5,0.135,0.2744
9/17/2020,26,21,75,23,29.94,0.6,0.1186,0.2309
9/18/2020,26,20,74,22,29.94,0.8,0.1147,0.208
9/19/2020,26,21,75,22,29.97,0.4,0.1113,0.2196
9/20/2020,26,22,81,24,29.94,2.3,0.1313,0.2761
9/21/2020,26,22,79,26,29.94,5.7,0.2276,0.4626
9/22/2020,26,22,78,23,29.97,1.2,0.3534,0.7006
9/23/2020,26,21,76,23,29.97,1.3,0.4943,0.7746
9/24/2020,26,22,77,22,29.97,4.4,0.3714,0.6998
9/25/2020,27,22,77,21,29.97,1.1,0.3592,0.6613
9/26/2020,26,22,82,24,29.94,26,0.2685,0.5529
9/27/2020,26,22,84,23,29.94,29,0.2374,0.4707
9/28/2020,26,22,80,24,29.94,4.6,0.1822,0.3589
9/29/2020,26,21,75,24,29.94,0.5,0.1773,0.3361
9/30/2020,26,21,77,24,29.97,0.4,0.1527,0.2892
10/1/2020,26,21,76,19,29.94,0,0.1288,0.2532
10/2/2020,26,21,77,21,29.97,0.3,0.168,0.3513
10/3/2020,26,21,76,20,29.97,1,0.2993,0.5863
10/4/2020,27,22,77,18,29.97,1,0.4188,0.7274
10/5/2020,27,22,79,21,29.97,1.7,0.4718,0.7845
10/6/2020,27,22,78,22,29.97,1.4,0.3788,0.6723
10/7/2020,27,22,77,22,29.94,0.2,0.2619,0.5418
10/8/2020,27,22,77,23,29.91,0.1,0.1838,0.3739
10/9/2020,27,22,77,23,29.91,0.2,0.18,0.3427
10/10/2020,27,22,78,22,29.94,1.2,0.1458,0.2604
10/11/2020,27,22,76,21,29.94,0.7,0.1214,0.2174
10/12/2020,27,22,78,20,29.91,4.8,0.1213,0.1958
10/13/2020,26,21,76,20,29.91,1.2,0.1087,0.1898
10/14/2020,27,22,78,21,29.94,1.2,0.2293,0.3897
10/15/2020,27,22,79,19,29.94,0.4,0.1839,0.3716
10/16/2020,27,23,80,19,29.91,2.4,0.3371,0.5846
10/17/2020,28,23,79,14,29.88,1.4,0.405,0.6967
10/18/2020,27,23,79,15,29.85,3.8,0.2906,0.5476
10/19/2020,28,23,78,14,29.88,0.4,0.2766,0.5017
10/20/2020,28,22,77,12,29.91,0,0.2398,0.4324
10/21/2020,27,23,79,18,29.94,0.5,0.1486,0.276
10/22/2020,27,22,76,28,29.97,1.8,0.1432,0.2671
10/23/2020,27,22,75,35,30,4.3,0.1284,0.2177
10/24/2020,25,21,79,31,29.97,17,0.1166,0.2038
10/25/2020,25,22,85,17,29.94,57,0.1082,0.1882
10/26/2020,26,23,83,19,29.97,37,0.1171,0.2607
10/27/2020,27,22,80,18,29.97,9.3,0.1832,0.342
10/28/2020,27,22,79,16,29.97,0.6,0.2046,0.3844
10/29/2020,27,22,77,16,29.91,0,0.31,0.5751
10/30/2020,27,22,76,14,29.88,0,0.3414,0.5909
10/31/2020,27,22,76,12,29.88,0,0.2741,0.5255
11/1/2020,27,23,80,10,29.88,0.1,0.2041,0.3892
11/2/2020,27,23,81,13,29.88,0.3,0.1522,0.3022
11/3/2020,27,23,79,14,29.88,0.3,0.1304,0.2518
11/4/2020,27,22,77,18,29.91,0,0.1207,0.2223
11/5/2020,27,22,77,16,29.88,0.1,0.1211,0.2116
11/6/2020,28,23,78,14,29.88,0.4,0.1203,0.2046
11/7/2020,28,23,78,14,29.88,0.3,0.105,0.1951
11/8/2020,28,23,78,15,29.91,2.2,0.2535,0.5
11/9/2020,28,23,76,14,29.88,11,0.2455,0.4919
11/10/2020,27,23,78,19,29.91,0.5,0.1876,0.4248
11/11/2020,28,23,78,16,29.91,0.5,0.2464,0.4939
11/12/2020,27,23,77,17,29.91,0,0.2149,0.4593
11/13/2020,28,22,76,18,29.88,0.1,0.1981,0.3946
11/14/2020,27,22,75,15,29.85,0,0.145,0.3123
11/15/2020,27,22,75,16,29.85,0,0.129,0.2573
11/16/2020,28,23,79,16,29.88,1.6,0.111,0.2146
11/17/2020,28,23,78,13,29.91,5.6,0.1096,0.2013
11/18/2020,28,23,76,13,29.88,0.9,0.1057,0.2024
11/19/2020,28,23,77,15,29.88,2.7,0.1164,0.2358
11/20/2020,28,23,78,12,29.88,7.4,0.1853,0.3494
11/21/2020,28,23,75,11,29.88,17,0.2553,0.5617
11/22/2020,28,23,76,9,29.88,7.9,0.3473,0.6269
11/23/2020,28,24,80,13,29.88,3.9,0.4113,0.6381
11/24/2020,28,23,79,13,29.91,7.4,0.3026,0.5488
11/25/2020,28,23,79,11,29.94,3.1,0.2034,0.3853
11/26/2020,28,23,77,14,29.88,0.1,0.1581,0.2938
11/27/2020,28,23,77,13,29.85,6.3,0.17,0.3155
11/28/2020,28,24,79,12,29.85,9.7,0.1278,0.241
11/29/2020,29,24,78,13,29.88,4.7,0.1306,0.2353
11/30/2020,29,24,78,14,29.88,2.3,0.1399,0.2693
12/1/2020,28,23,76,12,29.85,9.7,0.1425,0.2642
12/2/2020,28,23,76,9,29.83,5.9,0.1601,0.323
12/3/2020,28,23,77,9,29.8,1.2,0.285,0.3985
12/4/2020,29,23,76,10,29.83,4.3,0.2888,0.5776
12/5/2020,28,23,77,11,29.85,11,0.3413,0.6475
12/6/2020,29,24,77,10,29.85,2.6,0.3072,0.546
12/7/2020,29,24,77,11,29.83,1.6,0.2306,0.4167
12/8/2020,29,24,75,8,29.83,2.8,0.2084,0.3946
12/9/2020,29,24,74,12,29.85,12,0.1107,0.2455
12/10/2020,29,24,78,13,29.88,11,0.0938,0.2206
12/11/2020,29,24,76,13,29.88,37,0.0951,0.1968
12/12/2020,29,24,76,13,29.91,19,0.101,0.1828
12/13/2020,29,24,77,13,29.94,9.1,0.1207,0.2444
12/14/2020,29,24,76,12,29.94,1.4,0.1383,0.2636
12/15/2020,29,23,76,13,29.94,2.8,0.3154,0.585
12/16/2020,28,24,80,12,29.91,3,0.3179,0.5893
12/17/2020,28,24,80,15,29.91,8.1,0.2806,0.5893
12/18/2020,28,24,81,15,29.88,1.8,0.3256,0.6332
12/19/2020,28,24,80,15,29.88,4.1,0.256,0.5258
12/20/2020,28,24,81,15,29.85,9.8,0.145,0.2686
12/21/2020,28,24,80,17,29.85,6,0.1182,0.2255
12/22/2020,28,24,79,17,29.83,12,0.1108,0.2037
12/23/2020,28,23,78,18,29.83,9.1,0.1206,0.1907
12/24/2020,28,24,79,19,29.85,0.7,0.1256,0.1963
12/25/2020,28,23,79,19,29.88,10,0.1113,0.2097
12/26/2020,28,23,77,15,29.91,1.9,0.1335,0.2741
12/27/2020,28,24,80,15,29.91,1,0.1864,0.3884
12/28/2020,28,23,78,12,29.85,0.4,0.3049,0.5508
12/29/2020,29,24,77,11,29.88,3.7,0.3171,0.5628
12/30/2020,28,24,79,10,29.91,6.5,0.2957,0.585
12/31/2020,29,24,79,9,29.91,1.8,0.2158,0.4069
1/1/2021,29,23,75,9,29.91,7.4,0.1514,0.2784
1/2/2021,29,24,75,11,29.91,5.2,0.1219,0.217
1/3/2021,28,24,81,16,29.91,6.6,0.1171,0.202
1/4/2021,28,24,81,20,29.91,16,0.1178,0.1983
1/5/2021,28,24,80,14,29.88,1.8,0.1167,0.212
1/6/2021,29,24,77,15,29.85,1.6,0.1125,0.2171
1/7/2021,28,24,80,17,29.83,0,0.1343,0.2827
1/8/2021,29,24,80,19,29.83,6.8,0.2044,0.3878
1/9/2021,28,24,79,17,29.85,0.8,0.2862,0.5605
1/10/2021,28,24,80,17,29.85,4.7,0.2206,0.4414
1/11/2021,28,24,81,17,29.85,10,0.1743,0.3909
1/12/2021,28,23,79,18,29.85,0.2,0.1603,0.3505
1/13/2021,28,24,80,17,29.85,2.3,0.1317,0.2539
1/14/2021,28,24,81,13,29.85,9.1,0.1115,0.2229
1/15/2021,28,23,78,12,29.88,12,0.1066,0.2092
1/16/2021,28,24,80,10,29.88,3.5,0.1187,0.1866
1/17/2021,28,24,82,13,29.85,0.7,0.1074,0.1956
1/18/2021,28,23,79,14,29.85,0,0.112,0.2412
1/19/2021,28,23,78,15,29.85,0,0.1785,0.3603
1/20/2021,28,23,77,16,29.85,0,0.255,0.5266
1/21/2021,28,23,76,16,29.88,0,0.3265,0.5993
1/22/2021,27,23,77,18,29.85,0.1,0.3218,0.5913
1/23/2021,27,23,78,17,29.88,0.2,0.2232,0.4442
1/24/2021,28,23,80,15,29.88,0,0.18,0.3644
1/25/2021,27,23,79,11,29.88,0,0.1421,0.2716
1/26/2021,28,23,79,14,29.91,0,0.1206,0.2335
1/27/2021,28,23,77,16,29.88,0,0.1151,0.2199
1/28/2021,28,23,78,16,29.91,1.7,0.1115,0.1996
1/29/2021,28,23,79,16,29.91,1.1,0.1023,0.187
1/30/2021,27,23,79,13,29.88,0.2,0.116,0.2337
1/31/2021,28,23,80,14,29.88,0,0.1325,0.3104
2/1/2021,28,23,80,12,29.88,0.1,0.2143,0.4385
2/2/2021,28,23,79,13,29.83,0.2,0.2875,0.6243
2/3/2021,27,23,80,13,29.83,0.1,0.3652,0.6777
2/4/2021,27,23,80,14,29.88,1.1,0.262,0.4856
2/5/2021,27,22,77,19,29.91,0.2,0.1765,0.3436
2/6/2021,28,22,75,18,29.88,0.1,0.1393,0.2685
2/7/2021,28,23,77,17,29.88,0.4,0.0882,0.2146
2/8/2021,28,23,79,18,29.85,0.3,0.0909,0.2111
2/9/2021,28,23,78,17,29.88,0.8,0.0894,0.1913
2/10/2021,28,23,77,19,29.88,0.8,0.091,0.1956
2/11/2021,28,23,79,16,29.88,0,0.5021,0.714
2/12/2021,28,23,78,14,29.88,0,0.5328,0.745
2/13/2021,28,23,78,12,29.91,0.3,0.5577,0.7911
2/14/2021,29,23,76,12,29.94,1,0.5328,0.7675
2/15/2021,29,23,75,14,29.91,0.2,0.4526,0.6545
2/16/2021,29,24,79,13,29.91,0.1,0.373,0.6203
2/17/2021,29,24,79,13,29.88,0.6,0.2694,0.5089
2/18/2021,29,24,79,13,29.83,0.1,0.1817,0.3898
2/19/2021,29,23,76,13,29.8,1.6,0.1229,0.2991
2/20/2021,29,24,77,12,29.85,0.2,0.1274,0.2714
2/21/2021,29,24,76,12,29.91,2.7,0.1148,0.256
2/22/2021,29,24,76,12,29.88,2.6,0.1363,0.2589
2/23/2021,29,24,76,11,29.85,13,0.1201,0.2715
2/24/2021,29,24,77,12,29.85,21,0.343,0.5844
2/25/2021,29,24,79,15,29.83,7,0.3937,0.6666
2/26/2021,29,24,79,16,29.83,0.1,0.5639,0.7602
2/27/2021,28,24,79,14,29.83,0.1,0.559,0.7248
2/28/2021,29,24,77,14,29.83,0,0.3882,0.6364
3/1/2021,29,24,76,12,29.8,0,0.2684,0.4969
3/2/2021,29,23,75,12,29.83,0,0.1467,0.2954
3/3/2021,30,24,75,12,29.83,0.2,0.0715,0.1987
3/4/2021,30,25,78,13,29.8,0.6,0.0781,0.2098
3/5/2021,30,25,78,14,29.83,0.5,0.0934,0.2116
3/6/2021,29,24,78,14,29.83,0,0.0919,0.2157
3/7/2021,30,24,76,16,29.83,1.4,0.0928,0.2223
3/8/2021,29,24,78,17,29.8,0.6,0.3647,0.6667
3/9/2021,29,24,76,17,29.85,0.2,0.4408,0.6894
3/10/2021,29,23,74,15,29.88,0.4,0.6285,0.8035
3/11/2021,29,23,76,16,29.88,0,0.5659,0.7364
3/12/2021,29,24,75,17,29.85,0,0.4341,0.6842
3/13/2021,28,23,75,14,29.91,0,0.2198,0.4679
3/14/2021,29,23,75,13,29.91,0,0.1457,0.3043
3/15/2021,29,23,76,14,29.88,0,0.0961,0.2004
3/16/2021,29,23,73,13,29.88,0.1,0.0817,0.1872
3/17/2021,29,23,76,12,29.88,0,0.0793,0.1812
3/18/2021,29,24,76,12,29.88,0,0.0793,0.1878
3/19/2021,29,23,75,12,29.85,0,0.0899,0.2091
3/20/2021,29,23,75,13,29.83,0,0.29,0.4862
3/21/2021,29,23,75,14,29.83,0,0.5801,0.8196
3/22/2021,29,24,76,13,29.85,0.1,0.5865,0.8062
3/23/2021,29,23,75,13,29.85,0.2,0.5903,0.7976
3/24/2021,29,22,71,12,29.83,0,0.3642,0.5961
3/25/2021,29,22,70,12,29.83,0,0.2553,0.5264
3/26/2021,30,23,71,11,29.85,0,0.1838,0.4263
3/27/2021,29,23,74,12,29.91,0.2,0.1445,0.3383
3/28/2021,30,24,73,10,29.91,0.5,0.1292,0.299
3/29/2021,29,24,76,10,29.85,3,0.1463,0.316
3/30/2021,29,24,77,11,29.85,8.8,0.175,0.3625
3/31/2021,29,24,79,12,29.85,4,0.3888,0.6319
4/1/2021,29,24,77,10,29.85,4.9,0.3888,0.6319
4/2/2021,29,24,76,10,29.85,8.2,0.5738,0.7563
4/3/2021,29,24,76,13,29.85,1.5,0.4514,0.7884
4/4/2021,29,24,74,16,29.85,1.3,0.4176,0.6806
4/5/2021,29,24,75,15,29.88,0,0.3772,0.637
4/6/2021,29,24,74,12,29.88,0.3,0.2719,0.5243
4/7/2021,29,23,72,11,29.85,0,0.1662,0.4044
4/8/2021,29,25,77,19,29.83,3.8,0.1037,0.2054
4/9/2021,30,25,77,22,29.83,0,0.0947,0.1822
4/10/2021,30,25,76,17,29.83,0.1,0.0916,0.1733
4/11/2021,29,24,76,10,29.83,8.2,0.0901,0.1659
4/12/2021,29,24,75,14,29.83,2.2,0.1017,0.1832
4/13/2021,29,24,75,14,29.83,1.1,0.1094,0.1978
4/14/2021,30,24,75,15,29.85,2.6,0.2457,0.4499
4/15/2021,30,24,74,14,29.88,0.8,0.3055,0.6267
4/16/2021,30,23,71,14,29.88,0,0.369,0.6308
4/17/2021,30,24,73,15,29.88,0,0.2983,0.5122
4/18/2021,30,24,76,18,29.88,0.1,0.1769,0.3155
4/19/2021,30,24,75,21,29.85,3.4,0.1329,0.223
4/20/2021,30,24,74,21,29.83,3.8,0.1187,0.2004
4/21/2021,30,25,76,25,29.8,1,0.1147,0.1806
4/22/2021,30,24,75,25,29.8,2.6,0.0951,0.1686
4/23/2021,30,24,73,24,29.83,0.4,0.0565,0.1386
4/24/2021,30,24,74,19,29.85,0.1,0.0837,0.1917
4/25/2021,30,24,74,12,29.85,3,0.1183,0.2562
4/26/2021,30,24,72,10,29.83,0.7,0.1268,0.3096
4/27/2021,30,24,74,9,29.85,12,0.2128,0.4525
4/28/2021,30,25,76,12,29.85,15,0.1719,0.3877
4/29/2021,30,25,77,14,29.88,10,0.2551,0.4871
4/30/2021,29,24,77,17,29.88,6.6,0.1545,0.2771
5/1/2021,29,24,76,17,29.88,2.2,0.1008,0.176
5/2/2021,29,24,78,22,29.91,0.7,0.0972,0.1542
5/3/2021,29,24,77,23,29.88,0.5,0.0918,0.146
5/4/2021,28,24,80,23,29.88,7.6,0.0893,0.1364
5/5/2021,28,24,81,21,29.91,20,0.0885,0.1379
5/6/2021,28,24,82,19,29.91,7.3,0.0927,0.1546
5/7/2021,28,24,80,22,29.91,9.8,0.126,0.2844
5/8/2021,27,24,84,24,29.91,48,0.1116,0.2404
5/9/2021,28,24,82,23,29.88,21,0.2189,0.4681
5/10/2021,27,24,82,22,29.88,22,0.2652,0.5365
5/11/2021,28,24,82,22,29.88,24,0.3918,0.6342
5/12/2021,27,24,84,22,29.88,30,0.1674,0.2763
5/13/2021,27,24,84,21,29.88,34,0.1186,0.1968
5/14/2021,27,23,81,23,29.88,14,0.1128,0.1824
5/15/2021,28,23,80,23,29.91,11,0.1073,0.1697
5/16/2021,28,23,79,23,29.91,0.7,0.0981,0.1595
5/17/2021,27,24,82,17,29.91,15,0.0954,0.1543
5/18/2021,27,24,82,18,29.91,27,0.0955,0.1646
5/19/2021,27,23,80,18,29.91,10,0.1033,0.2088
5/20/2021,28,23,80,22,29.91,5.3,0.1183,0.2601
5/21/2021,28,23,80,19,29.91,2.1,0.3603,0.5651
5/22/2021,27,24,83,21,29.91,11,0.3564,0.5895
5/23/2021,25,22,83,23,29.91,13,0.427,0.6467
5/24/2021,26,23,84,22,29.94,12,0.2822,0.4883
5/25/2021,27,23,82,21,29.94,12,0.1495,0.2621
5/26/2021,27,23,80,24,29.91,11,0.1144,0.1946
5/27/2021,27,23,78,23,29.91,4.3,0.1076,0.1798
5/28/2021,27,23,79,22,29.91,15,0.1035,0.1721
5/29/2021,27,22,77,23,29.94,2.5,0.0937,0.1583
5/30/2021,27,23,78,21,29.91,5.2,0.0945,0.1678
5/31/2021,27,23,77,24,29.88,1.7,0.0968,0.1943
6/1/2021,27,23,77,25,29.88,4.2,0.0874,0.2228
6/2/2021,27,21,71,24,29.88,0.1,0.174,0.4557
6/3/2021,27,21,70,23,29.91,0,0.2128,0.494
6/4/2021,27,22,74,28,29.91,0.1,0.3161,0.5725
6/5/2021,27,22,74,26,29.91,0,0.1331,0.2496
6/6/2021,27,22,75,25,29.94,0,0.105,0.1988
6/7/2021,27,23,77,25,29.94,0.3,0.2194,0.3518
6/8/2021,27,22,77,26,29.97,0.6,0.1617,0.2499
6/9/2021,27,22,73,31,30,1,0.1351,0.2
6/10/2021,27,21,72,31,29.97,0.4,0.1359,0.1956
6/11/2021,27,21,73,29,29.97,1.1,0.1573,0.2348
6/12/2021,27,22,76,28,30,3.4,0.2411,0.4354
6/13/2021,26,22,79,26,29.97,4.5,0.316,0.5821
6/14/2021,26,21,78,26,29.97,3.6,0.3319,0.6444
6/15/2021,26,20,74,29,29.97,1.1,0.4194,0.7001
6/16/2021,26,19,69,27,30,0,0.4473,0.7193
6/17/2021,26,21,77,26,30.03,0.6,0.3042,0.5535
6/18/2021,26,22,80,24,30.03,2.3,0.2429,0.4569
6/19/2021,26,22,79,24,30,0.3,0.1025,0.2123
6/20/2021,26,21,77,28,29.97,1.6,0.1252,0.2155
6/21/2021,25,20,76,26,29.97,2.3,0.109,0.2076
6/22/2021,25,20,75,22,29.94,0,0.0977,0.2009
6/23/2021,25,20,77,21,29.91,0,0.1219,0.2714
6/24/2021,25,21,80,19,29.91,0.2,0.2288,0.4261
6/25/2021,26,21,81,20,29.94,0.7,0.3634,0.6182
6/26/2021,26,21,78,21,29.97,0,0.5047,0.6837
6/27/2021,26,21,77,27,29.97,1.1,0.6117,0.8053
6/28/2021,26,20,73,26,29.97,0.1,0.512,0.7682
6/29/2021,26,20,74,26,29.97,0,0.3638,0.6477
6/30/2021,26,22,79,26,29.97,1.7,0.2479,0.4428
7/1/2021,26,22,81,23,29.97,1.8,0.1653,0.2984
7/2/2021,26,22,79,19,29.94,0.8,0.1197,0.2268
7/3/2021,26,21,77,23,29.94,1.2,0.1052,0.2244
7/4/2021,26,20,75,26,29.97,0.7,0.1263,0.2492
7/5/2021,26,21,77,23,29.94,1,0.1372,0.2646
7/6/2021,26,21,78,23,29.94,0.9,0.1815,0.3392
7/7/2021,26,21,79,22,29.97,0.1,0.2488,0.4718
7/8/2021,26,21,78,20,29.97,0,0.4118,0.7032
7/9/2021,26,21,79,23,29.97,2.1,0.5618,0.7722
7/10/2021,26,21,78,27,29.94,1,0.4932,0.7811
7/11/2021,26,21,78,27,29.97,6.3,0.2581,0.4617
7/12/2021,26,20,75,25,29.97,0,0.2273,0.3917
7/13/2021,26,21,75,26,30,0.1,0.117,0.2328
7/14/2021,26,21,77,26,30,0.8,0.1078,0.2199
7/15/2021,25,20,76,24,30,1.4,0.1185,0.2037
7/16/2021,25,20,75,26,30.03,5.2,0.1201,0.2288
7/17/2021,24,20,76,29,30.06,9.9,0.1442,0.256
7/18/2021,25,20,78,22,30.03,1.8,0.379,0.5635
7/19/2021,25,20,77,19,30,5.1,0.5441,0.8056
7/20/2021,25,20,76,21,29.97,0.2,0.5737,0.8276
7/21/2021,25,19,75,21,29.94,0,0.6019,0.8072
7/22/2021,26,19,70,33,29.97,0,0.4042,0.6217
7/23/2021,25,18,69,34,29.94,1.2,0.304,0.5498
7/24/2021,25,18,67,29,29.94,0.4,0.2445,0.4183
7/25/2021,25,19,72,28,29.97,2,0.1823,0.2946
7/26/2021,25,18,70,30,29.97,0.8,0.1652,0.2577
7/27/2021,25,19,73,27,29.94,0.3,0.1649,0.2449
7/28/2021,25,20,77,27,29.94,0.2,0.1562,0.2478
7/29/2021,25,20,77,24,29.94,0.1,0.1612,0.2715
7/30/2021,25,21,81,22,29.94,1.2,0.1751,0.3305
7/31/2021,25,20,79,20,29.97,0.1,0.1936,0.379
8/1/2021,25,21,82,18,29.97,0.4,0.4455,0.7657
8/2/2021,25,21,82,18,30,7.8,0.3766,0.7203
8/3/2021,25,21,78,21,30,3,0.4702,0.7317
8/4/2021,25,20,79,20,30,1.3,0.3104,0.5747
8/5/2021,25,20,78,20,30,0.1,0.2945,0.5078
8/6/2021,26,21,79,20,30,0.8,0.1247,0.2428
8/7/2021,26,22,81,19,30,2.4,0.1218,0.2276
8/8/2021,26,20,76,20,30.03,0.7,0.1171,0.2099
8/9/2021,26,20,76,21,30.03,0.8,0.1232,0.1949
8/10/2021,26,21,76,25,30.06,1.8,0.1379,0.2356
8/11/2021,26,20,74,24,30.03,0.1,0.1416,0.271
8/12/2021,26,20,76,24,30.03,0.8,0.1767,0.3538
8/13/2021,26,20,75,23,30.03,0.8,0.3478,0.6577
8/14/2021,25,20,74,24,30.06,0.1,0.4566,0.7334
8/15/2021,26,20,74,27,30.03,0,0.4521,0.6979
8/16/2021,26,21,76,25,30.03,0.8,0.273,0.507
8/17/2021,26,21,76,24,29.97,0.4,0.1563,0.264
8/18/2021,26,20,75,26,29.97,0.1,0.1522,0.2468
8/19/2021,26,20,74,26,30,0.5,0.147,0.2233
8/20/2021,26,21,76,25,30,0.5,0.1286,0.2072
8/21/2021,26,21,76,26,30,0.2,0.0924,0.2
8/22/2021,26,21,76,30,30,0.5,0.1096,0.2175
8/23/2021,26,21,78,27,30,2.4,0.134,0.2408
8/24/2021,26,21,80,26,30.03,14,0.4877,0.6999
8/25/2021,25,21,80,22,30,1.8,0.5032,0.7491
8/26/2021,25,21,79,18,30.03,2.2,0.5791,0.7804
8/27/2021,25,20,76,19,30,0.4,0.44,0.6994
8/28/2021,25,20,76,21,30,0.3,0.2285,0.4425
8/29/2021,25,21,80,21,29.97,2.3,0.1623,0.281
8/30/2021,25,21,79,19,29.94,0.9,0.1456,0.2394
8/31/2021,25,21,79,18,29.91,0.2,0.1408,0.2294
9/1/2021,26,21,76,18,29.91,0.2,0.1457,0.2249
9/2/2021,26,21,78,22,29.94,0.9,0.155,0.2199
9/3/2021,26,22,79,23,29.97,2.2,0.1632,0.2556
9/4/2021,26,21,75,22,29.97,0.1,0.2345,0.4021
9/5/2021,26,21,77,21,29.97,1,0.2581,0.4599
9/6/2021,26,21,76,20,29.97,0.1,0.2126,0.4186
9/7/2021,26,21,75,28,30,0.1,0.2085,0.3858
9/8/2021,26,20,74,30,30,0.3,0.1713,0.3837
9/9/2021,26,21,77,24,30,3.4,0.1548,0.3143
9/10/2021,26,21,80,24,29.97,14,0.127,0.2562
9/11/2021,26,21,80,16,29.97,2.9,0.1208,0.2248
9/12/2021,26,22,81,17,29.97,1.4,0.1145,0.2135
9/13/2021,26,22,82,17,29.97,5.6,0.1006,0.1883
9/14/2021,26,22,82,16,29.97,2.6,0.1093,0.2013
9/15/2021,26,21,78,18,29.97,1.5,0.1228,0.2257
9/16/2021,26,21,76,21,29.97,1.2,0.1699,0.4729
9/17/2021,26,21,76,21,29.94,0.5,0.4517,0.6675
9/18/2021,26,21,77,20,29.94,0,0.4923,0.7619
9/19/2021,26,21,76,23,29.97,0.5,0.513,0.7308
9/20/2021,26,21,77,20,29.97,0.3,0.3695,0.635
9/21/2021,26,21,76,20,29.94,0.3,0.2055,0.3961
9/22/2021,26,21,76,19,29.94,0.3,0.1545,0.2834
9/23/2021,26,21,77,19,29.97,1.9,0.1488,0.2308
9/24/2021,26,21,77,21,29.94,0.7,0.1404,0.2154
9/25/2021,27,22,79,20,29.91,6.6,0.1402,0.2073
9/26/2021,27,22,77,26,29.94,3.2,0.1361,0.202
9/27/2021,27,21,75,26,29.97,0.2,0.1563,0.2412
9/28/2021,27,21,75,19,29.91,0.2,0.2188,0.3695
9/29/2021,27,22,80,20,29.88,0.3,0.3826,0.6534
9/30/2021,27,23,83,17,29.85,1.9,0.5749,0.8204
10/1/2021,27,23,81,11,29.85,26,0.5766,0.8267
10/2/2021,28,22,78,12,29.88,1.1,0.4752,0.7121
10/3/2021,26,22,81,17,29.94,26,0.1397,0.3018
10/4/2021,27,22,79,20,29.91,7.5,0.0965,0.2443
10/5/2021,26,22,82,15,29.91,28,0.146,0.2819
10/6/2021,27,22,79,16,29.91,7.9,0.1341,0.2431
10/7/2021,26,22,78,16,29.91,1,0.1253,0.2188
10/8/2021,27,23,81,18,29.88,4.6,0.1225,0.2124
10/9/2021,27,23,80,11,29.88,18,0.2109,0.4097
10/10/2021,27,23,81,17,29.88,8.3,0.3448,0.6327
10/11/2021,27,23,82,13,29.88,11,0.3322,0.5589
10/12/2021,27,23,82,15,29.85,11,0.4002,0.6783
10/13/2021,26,23,85,16,29.88,26,0.4221,0.7308
10/14/2021,27,22,80,17,29.88,2.6,0.4025,0.668
10/15/2021,27,22,80,20,29.88,0,0.2425,0.4784
10/16/2021,27,23,81,21,29.85,8.5,0.1078,0.2506
10/17/2021,25,22,85,19,29.88,25,0.0987,0.2313
10/18/2021,26,22,82,15,29.88,4.2,0.1025,0.2181
10/19/2021,27,23,80,16,29.88,8,0.103,0.2073
10/20/2021,27,23,81,14,29.88,1.3,0.1224,0.2218
10/21/2021,27,23,80,14,29.85,0.9,0.2335,0.4239
10/22/2021,27,23,81,14,29.83,3.8,0.2281,0.4134
10/23/2021,27,24,83,13,29.83,2.6,0.2231,0.4265
10/24/2021,27,23,81,11,29.88,14,0.2844,0.5452
10/25/2021,27,23,83,16,29.88,27,0.4146,0.6914
10/26/2021,27,23,80,15,29.88,8.2,0.2683,0.4824
10/27/2021,27,23,80,15,29.85,11,0.1873,0.3523
10/28/2021,27,23,81,12,29.83,9.7,0.1267,0.2643
10/29/2021,28,23,78,11,29.83,0.4,0.1136,0.2212
10/30/2021,27,23,81,14,29.85,2.8,0.1182,0.2197
10/31/2021,28,23,79,18,29.88,5,0.1231,0.2159
11/1/2021,27,23,78,19,29.88,2,0.1177,0.214
11/2/2021,27,22,76,18,29.88,2.2,0.1316,0.2205
11/3/2021,27,22,77,18,29.91,4.8,0.2277,0.366
11/4/2021,28,23,78,15,29.91,1.4,0.271,0.5317
11/5/2021,28,23,78,17,29.88,1.7,0.3996,0.7102
11/6/2021,27,23,79,17,29.85,2.8,0.354,0.6103
11/7/2021,27,23,79,14,29.88,6.1,0.2962,0.526
11/8/2021,28,22,76,11,29.88,0.2,0.2424,0.4658
11/9/2021,28,23,78,13,29.88,8.7,0.1745,0.3113
11/10/2021,28,23,77,16,29.83,4.3,0.1377,0.2428
11/11/2021,27,23,81,18,29.8,16,0.1236,0.2181
11/12/2021,26,23,84,15,29.8,51,0.1212,0.2008
11/13/2021,27,23,82,13,29.83,17,0.1193,0.207
11/14/2021,27,23,80,9,29.85,10,0.1277,0.2259
11/15/2021,28,23,79,8,29.83,8.3,0.5444,0.7197
11/16/2021,28,24,80,12,29.77,9.7,0.4683,0.7604
11/17/2021,28,24,81,15,29.77,5.5,0.4728,0.7451
11/18/2021,29,24,80,14,29.8,5.1,0.4491,0.6811
11/19/2021,28,24,80,10,29.83,7.6,0.3423,0.6318
11/20/2021,28,23,81,11,29.8,8.5,0.2298,0.4335
11/21/2021,29,23,78,10,29.77,1.7,0.1837,0.3284
11/22/2021,28,24,81,11,29.77,7.8,0.1439,0.2527
11/23/2021,28,24,82,8,29.8,21,0.1359,0.2363
11/24/2021,28,23,78,6,29.83,23,0.1361,0.2373
11/25/2021,26,22,85,15,29.83,6.3,0.1421,0.2331
11/26/2021,28,23,79,17,29.8,3.3,0.2487,0.434
11/27/2021,28,23,76,19,29.83,3.2,0.2827,0.4906
11/28/2021,28,23,79,17,29.83,4.8,0.4891,0.7657
11/29/2021,28,23,81,14,29.85,1.5,0.4442,0.7655
11/30/2021,28,24,79,12,29.85,8.2,0.4416,0.7032
12/1/2021,28,23,75,10,29.85,6.2,0.3368,0.6163
12/2/2021,28,23,76,12,29.83,3.1,0.1992,0.3721
12/3/2021,28,23,78,14,29.83,2.1,0.1647,0.287
12/4/2021,28,23,80,14,29.8,0.2,0.4044,0.624
12/5/2021,28,23,80,13,29.8,1.3,0.4739,0.7714
12/6/2021,28,23,79,13,29.8,4.7,0.589,0.8111
12/7/2021,29,23,77,12,29.77,6.4,0.5105,0.7697
12/8/2021,29,24,78,9,29.77,7.1,0.3534,0.6374
12/9/2021,28,24,79,16,29.8,13,0.1859,0.3695
12/10/2021,28,24,79,17,29.83,3.2,0.3732,0.5588
12/11/2021,29,23,77,13,29.83,3.5,0.4478,0.6816
12/12/2021,29,24,78,10,29.83,11,0.4981,0.7689
12/13/2021,29,24,77,9,29.85,1.7,0.4419,0.7507
12/14/2021,29,23,75,9,29.88,0.2,0.4192,0.6549
12/15/2021,29,23,74,11,29.85,2.5,0.2434,0.4777
12/16/2021,29,23,75,12,29.8,1.6,0.4206,0.6208
12/17/2021,29,24,79,13,29.8,11,0.5018,0.7768
12/18/2021,28,24,79,15,29.83,29,0.6135,0.8351
12/19/2021,28,23,78,15,29.83,9,0.5151,0.7658
12/20/2021,28,24,81,15,29.83,7.1,0.3545,0.6846
12/21/2021,27,24,81,12,29.85,30,0.282,0.5321
12/22/2021,27,23,81,9,29.88,11,0.3413,0.5528
12/23/2021,28,23,80,13,29.85,21,0.4924,0.7365
12/24/2021,28,24,80,10,29.85,1.7,0.5794,0.8159
12/25/2021,28,24,83,13,29.83,7.6,0.4983,0.819
12/26/2021,28,24,83,14,29.8,11,0.3716,0.7066
12/27/2021,28,24,83,14,29.77,0,0.3107,0.5764
12/28/2021,28,24,82,15,29.77,0,0.3128,0.5022
12/29/2021,28,24,81,17,29.77,0.1,0.4696,0.6878
12/30/2021,28,24,83,19,29.83,8.6,0.5152,0.7795
12/31/2021,28,24,79,18,29.83,2.8,0.5311,0.7934
1/1/2022,28,24,81,16,29.83,0.2,0.3471,0.6963
1/2/2022,28,24,81,20,29.83,1.7,0.2881,0.5804
1/3/2022,28,24,81,16,29.88,10,0.2972,0.4419
1/4/2022,28,24,80,11,29.88,4.2,0.4282,0.6138
1/5/2022,28,24,81,11,29.83,0.1,0.5051,0.7535
1/6/2022,29,24,81,12,29.8,6.8,0.5158,0.7086
1/7/2022,29,24,80,14,29.83,12,0.2861,0.5131
1/8/2022,29,24,78,10,29.83,7.5,0.169,0.3463
1/9/2022,29,23,76,8,29.83,9,0.2898,0.4499
1/10/2022,29,23,75,11,29.8,8.1,0.4123,0.6117
1/11/2022,29,24,78,10,29.83,2.5,0.4721,0.7171
1/12/2022,29,24,79,9,29.83,2.5,0.3097,0.5673
1/13/2022,29,24,78,13,29.8,7.8,0.2339,0.4533
1/14/2022,29,24,78,18,29.8,9.9,0.4202,0.6036
1/15/2022,29,24,79,16,29.83,3.4,0.4467,0.658
1/16/2022,28,24,81,17,29.83,10,0.5328,0.7455
1/17/2022,27,23,82,15,29.83,0,0.5104,0.725
1/18/2022,28,23,80,16,29.83,0,0.3743,0.5793
1/19/2022,28,23,80,18,29.83,0,0.1799,0.3879
1/20/2022,28,24,81,18,29.8,0,0.3192,0.5312
1/21/2022,29,24,80,17,29.77,0,0.449,0.6959
1/22/2022,28,24,81,16,29.77,0,0.5461,0.7396
1/23/2022,28,24,83,14,29.8,1.8,0.4515,0.7524
1/24/2022,28,25,85,13,29.83,9,0.31,0.5829
1/25/2022,28,24,82,12,29.85,14,0.2333,0.4663
1/26/2022,28,23,80,10,29.85,4.3,0.2335,0.3702
1/27/2022,28,24,80,10,29.85,6.9,0.3565,0.5824
1/28/2022,28,24,83,13,29.85,17,0.4551,0.7438
1/29/2022,28,23,80,13,29.88,6.6,0.4404,0.7142
1/30/2022,29,24,80,14,29.88,1.6,0.3019,0.5921
1/31/2022,28,24,82,12,29.83,2.3,0.2838,0.5107
2/1/2022,29,24,79,10,29.83,13,0.2372,0.3739
2/2/2022,28,24,81,10,29.85,0.4,0.3157,0.5084
2/3/2022,28,24,81,12,29.88,0.9,0.4042,0.7385
2/4/2022,28,23,80,11,29.85,2.8,0.4332,0.7321
2/5/2022,28,23,82,13,29.85,1.2,0.2708,0.4976
2/6/2022,28,23,78,15,29.88,0.5,0.1854,0.3695
2/7/2022,28,23,77,15,29.88,0.3,0.3427,0.5318
2/8/2022,28,23,75,16,29.91,0.2,0.3771,0.6104
2/9/2022,28,23,78,16,29.88,1.8,0.4662,0.7023
2/10/2022,28,22,76,12,29.85,0,0.4143,0.6823
2/11/2022,29,23,77,11,29.83,0,0.3167,0.5404
2/12/2022,29,23,78,12,29.8,0,0.1604,0.3877
2/13/2022,29,24,78,17,29.83,3.1,0.2883,0.4334
2/14/2022,29,23,77,20,29.85,12,0.3948,0.6046
2/15/2022,29,23,77,20,29.85,8.4,0.4709,0.7084
2/16/2022,28,24,80,15,29.85,29,0.483,0.6674
2/17/2022,29,24,80,14,29.83,7.9,0.2737,0.5799
2/18/2022,29,24,78,12,29.85,0.2,0.1674,0.3529
2/19/2022,29,23,76,12,29.85,0.1,0.3831,0.6241
2/20/2022,29,24,78,11,29.8,0,0.3943,0.6723
2/21/2022,29,24,77,11,29.8,0,0.4844,0.7069
2/22/2022,29,23,76,16,29.83,0,0.4431,0.7428
2/23/2022,29,24,77,17,29.83,4.5,0.2702,0.4957
2/24/2022,29,24,79,15,29.8,2.9,0.1889,0.4321
2/25/2022,29,24,78,16,29.8,0,0.2083,0.3379
2/26/2022,30,25,79,13,29.8,11,0.3277,0.4992
2/27/2022,29,24,80,10,29.83,14,0.4694,0.7152
2/28/2022,29,24,78,13,29.83,5.2,0.32,0.5987
3/1/2022,30,24,74,10,29.8,0.5,0.2371,0.4626
3/2/2022,31,25,75,10,29.77,1.5,0.2613,0.4134
3/3/2022,29,25,80,16,29.8,16,0.355,0.547
3/4/2022,30,24,77,16,29.85,4.5,0.4381,0.7142
3/5/2022,29,24,77,17,29.88,4.8,0.4468,0.7447
3/6/2022,29,23,76,16,29.85,5.3,0.2887,0.5236
3/7/2022,29,23,74,17,29.83,0,0.1812,0.3847
3/8/2022,30,24,75,15,29.83,0,0.1849,0.3061
3/9/2022,30,24,74,13,29.8,2.9,0.2478,0.398
3/10/2022,30,24,72,11,29.77,0.2,0.3566,0.6498
3/11/2022,29,24,76,10,29.77,0.7,0.3844,0.6757
3/12/2022,30,24,77,13,29.8,6,0.3259,0.5434
3/13/2022,29,24,78,17,29.8,5.3,0.2411,0.4228
3/14/2022,29,24,76,13,29.8,7.7,0.2282,0.3406
3/15/2022,29,24,76,12,29.83,13,0.3486,0.4911
3/16/2022,30,24,77,11,29.8,0.6,0.4389,0.6547
3/17/2022,30,25,79,14,29.74,0.2,0.4359,0.6842
3/18/2022,30,25,79,15,29.8,7.8,0.3344,0.5792
3/19/2022,29,24,74,13,29.83,3.4,0.2438,0.4336
3/20/2022,30,23,69,11,29.85,0,0.2477,0.3915
3/21/2022,30,23,71,11,29.85,0.1,0.3864,0.5604
3/22/2022,29,23,71,12,29.85,0.3,0.4217,0.6394
3/23/2022,30,22,70,13,29.83,1.5,0.4105,0.6853
3/24/2022,30,23,72,13,29.83,8.7,0.3407,0.5949
3/25/2022,29,24,75,19,29.83,0.6,0.2808,0.4954
3/26/2022,30,24,74,17,29.77,6,0.2311,0.3568
3/27/2022,30,23,73,14,29.74,6.9,0.3684,0.5266
3/28/2022,30,23,72,10,29.8,9.2,0.4744,0.696
3/29/2022,29,23,74,8,29.83,13,0.4168,0.6927
3/30/2022,29,23,73,8,29.83,1.4,0.3731,0.6573
3/31/2022,29,24,74,12,29.83,15,0.2822,0.5216
4/1/2022,29,24,78,13,29.83,25,0.1723,0.2708
4/2/2022,30,24,76,12,29.83,12,0.2923,0.4755
4/3/2022,30,24,74,10,29.83,12,0.4252,0.6368
4/4/2022,29,24,75,15,29.83,17,0.4196,0.6219
4/5/2022,29,23,75,14,29.85,23,0.3419,0.5919
4/6/2022,30,23,71,10,29.85,3.8,0.1997,0.3107
4/7/2022,29,23,73,9,29.85,11,0.2064,0.3264
4/8/2022,29,24,77,14,29.85,17,0.49,0.6194
4/9/2022,29,24,78,15,29.85,25,0.4453,0.7263
4/10/2022,29,23,73,14,29.88,0.1,0.4099,0.676
4/11/2022,28,23,77,18,29.85,13,0.3379,0.5464
4/12/2022,28,24,78,27,29.83,5.4,0.2332,0.3595
4/13/2022,28,24,82,16,29.83,8.1,0.37,0.539
4/14/2022,28,24,80,15,29.85,14,0.3905,0.6062
4/15/2022,28,24,80,16,29.83,5.4,0.4754,0.6957
4/16/2022,28,24,79,21,29.83,12,0.4451,0.7146
4/17/2022,28,24,81,23,29.83,2.8,0.3145,0.5286
4/18/2022,28,24,82,23,29.8,9.5,0.2202,0.3507
4/19/2022,28,23,80,20,29.8,30,0.3405,0.5283
4/20/2022,25,23,90,23,29.85,62,0.372,0.5692
4/21/2022,27,23,82,20,29.85,5.8,0.4684,0.679
4/22/2022,29,23,76,23,29.85,0,0.4783,0.726
4/23/2022,28,23,77,20,29.83,1,0.3359,0.6414
4/24/2022,28,23,79,17,29.85,8.9,0.2543,0.45
4/25/2022,27,23,80,21,29.85,3,0.285,0.4393
4/26/2022,28,23,78,17,29.85,9.9,0.3129,0.4842
4/27/2022,28,24,80,19,29.88,6.3,0.4838,0.7394
4/28/2022,28,23,79,21,29.91,14,0.4886,0.7453
4/29/2022,27,23,83,22,29.88,18,0.3487,0.6146
4/30/2022,27,23,81,18,29.91,12,0.2456,0.4074
5/1/2022,26,24,86,23,29.91,14,0.3128,0.5043
5/2/2022,27,23,81,17,29.94,15,0.4333,0.6413
5/3/2022,27,23,83,22,29.88,11,0.4095,0.6859
5/4/2022,28,23,77,24,29.88,5.3,0.3486,0.5797
5/5/2022,28,23,76,27,29.88,1.1,0.2489,0.4341
5/6/2022,26,23,84,26,29.88,12,0.199,0.342
5/7/2022,25,23,92,23,29.91,66,0.1872,0.2942
5/8/2022,27,23,84,25,29.88,7.3,0.319,0.4765
5/9/2022,27,23,84,28,29.88,10,0.3819,0.6272
5/10/2022,26,23,83,30,29.88,16,0.3919,0.6579
5/11/2022,27,22,78,29,29.91,8.2,0.2701,0.4473
5/12/2022,24,23,87,25,29.91,27,0.2052,0.312
5/13/2022,26,23,88,22,29.91,16,0.3055,0.4478
5/14/2022,28,23,82,19,29.91,1.9,0.3314,0.4937
5/15/2022,28,24,83,19,29.88,0.6,0.4125,0.6035
5/16/2022,27,23,82,22,29.91,9.7,0.379,0.6564
5/17/2022,27,22,77,26,29.91,0.4,0.3081,0.5348
5/18/2022,27,21,74,29,29.94,2,0.213,0.3683
5/19/2022,27,20,70,29,29.97,0.4,0.2176,0.3512
5/20/2022,25,21,78,29,29.94,6.5,0.3427,0.5246
5/21/2022,26,21,80,28,29.97,4.5,0.4603,0.661
5/22/2022,25,22,85,24,29.97,34,0.3839,0.679
5/23/2022,27,21,77,27,30,1,0.3123,0.5495
5/24/2022,27,21,77,27,29.97,3.1,0.2216,0.377
5/25/2022,26,21,78,27,29.94,0.2,0.1567,0.2792
5/26/2022,26,22,80,24,29.94,4.8,0.3532,0.5878
5/27/2022,27,22,82,17,29.94,6.9,0.5421,0.782
5/28/2022,27,22,81,20,29.94,1.1,0.4524,0.7166
5/29/2022,27,23,82,18,29.94,11,0.3351,0.5795
5/30/2022,27,22,80,21,29.94,2.9,0.2289,0.4187
5/31/2022,27,21,78,23,29.94,0.1,0.5964,0.8285
6/1/2022,27,22,78,25,29.97,3,0.5997,0.8489
6/2/2022,27,21,75,29,29.97,2.4,0.562,0.8385
6/3/2022,26,22,78,30,29.97,6.4,0.5644,0.789
6/4/2022,27,22,78,28,29.94,8,0.4682,0.7097
6/5/2022,27,22,77,28,29.94,1,0.3113,0.5834
6/6/2022,27,22,76,29,29.94,0.2,0.4646,0.7258
6/7/2022,27,22,76,29,29.94,1.2,0.5321,0.8181
6/8/2022,27,22,74,30,29.94,0.7,0.5683,0.8022
6/9/2022,26,21,79,26,29.91,9.6,0.4749,0.8263
6/10/2022,26,21,77,25,29.94,1,0.4424,0.737
6/11/2022,27,21,77,21,29.94,2.6,0.337,0.631
6/12/2022,26,21,76,24,29.94,1.2,0.4856,0.7255
6/13/2022,26,21,77,23,29.91,1.1,0.4828,0.7829
6/14/2022,27,20,72,28,29.94,0.9,0.4817,0.8126
6/15/2022,26,20,72,30,29.97,1.4,0.4956,0.7884
6/16/2022,26,20,72,30,30,0.2,0.4205,0.6771
6/17/2022,26,20,70,31,29.97,0.2,0.2996,0.58
6/18/2022,26,19,69,30,29.97,0.4,0.4998,0.8195
6/19/2022,26,20,72,31,29.97,0.3,0.5612,0.8395
6/20/2022,26,21,75,30,29.97,3.2,0.6257,0.8505
6/21/2022,26,20,73,32,29.94,0.9,0.5368,0.8031
6/22/2022,26,20,70,32,29.91,0.1,0.4029,0.6542
6/23/2022,26,21,74,31,29.91,0.1,0.3573,0.6305
6/24/2022,25,21,81,31,29.91,4.2,0.5184,0.7482
6/25/2022,25,21,80,29,29.94,6.7,0.5861,0.8482
6/26/2022,25,21,81,26,29.91,6.1,0.6295,0.8436
6/27/2022,26,21,79,23,29.91,3.8,0.6352,0.8262
6/28/2022,26,21,79,24,29.91,2.2,0.4683,0.7464
6/29/2022,26,22,83,23,29.91,3.3,0.3688,0.6807
6/30/2022,27,21,76,23,29.94,0.1,0.4263,0.6528
7/1/2022,26,21,78,22,29.91,2.8,0.4213,0.6739
7/2/2022,26,21,76,30,29.94,1.4,0.4425,0.767
7/3/2022,25,20,77,29,29.94,4.5,0.4882,0.6985
7/4/2022,25,19,72,26,29.94,0.8,0.4089,0.6747
7/5/2022,25,20,76,27,29.94,3.3,0.2969,0.6058
7/6/2022,25,20,74,30,29.91,0.7,0.4084,0.689
7/7/2022,25,20,74,31,29.91,0.4,0.4517,0.7436
7/8/2022,26,21,78,29,29.91,1.4,0.489,0.7866
7/9/2022,26,21,77,26,29.91,1.2,0.4631,0.7929
7/10/2022,24,22,87,22,29.94,34,0.4072,0.6737
7/11/2022,25,21,80,23,29.94,4.2,0.31,0.6195
7/12/2022,25,20,78,21,29.97,0.5,0.3992,0.6824
7/13/2022,25,21,80,25,29.94,4.7,0.4392,0.7288
7/14/2022,26,20,76,26,29.91,0.8,0.413,0.7481
7/15/2022,26,20,76,23,29.91,2.3,0.4335,0.7021
7/16/2022,26,21,76,25,29.97,1.3,0.4388,0.6987
7/17/2022,25,19,72,33,30,1.3,0.3251,0.6258
7/18/2022,25,16,62,35,29.97,0.1,0.3554,0.6132
7/19/2022,25,16,61,35,29.97,0.2,0.4587,0.7243
7/20/2022,26,19,68,33,29.97,1.7,0.5195,0.7623
7/21/2022,25,19,71,29,29.97,2,0.5014,0.7244
7/22/2022,25,20,74,28,29.94,0.4,0.3829,0.7157
7/23/2022,26,20,73,31,29.91,2.1,0.3825,0.6459
7/24/2022,25,19,71,32,29.91,2.5,0.4317,0.6918
7/25/2022,25,19,69,32,29.91,0.6,0.5041,0.7366
7/26/2022,25,19,70,34,29.94,0.4,0.4857,0.7086
7/27/2022,25,19,73,32,29.94,1.4,0.4465,0.7269
7/28/2022,25,20,75,30,29.94,0.5,0.4243,0.7079
7/29/2022,25,20,77,31,29.94,2.6,0.3295,0.6323
7/30/2022,26,20,76,29,29.94,1.3,0.5017,0.7431
7/31/2022,25,21,84,20,29.97,43,0.5649,0.8207
8/1/2022,25,21,79,27,29.97,7.4,0.5303,0.8147
8/2/2022,25,20,74,30,30,2.3,0.5241,0.7556
8/3/2022,25,19,76,26,30.03,1.6,0.355,0.6405
8/4/2022,25,20,75,25,30.03,2.2,0.2771,0.5464
8/5/2022,26,21,77,25,30,2.5,0.3404,0.5833
8/6/2022,26,21,80,25,29.97,5.5,0.463,0.7344
8/7/2022,26,20,75,21,29.97,1.1,0.4794,0.8167
8/8/2022,26,20,75,23,30,1.3,0.5033,0.7879
8/9/2022,25,19,75,29,30,2.8,0.3893,0.6861
8/10/2022,25,19,75,28,29.97,3.2,0.2757,0.5571
8/11/2022,25,20,76,21,29.94,0.5,0.3373,0.5488
8/12/2022,25,19,75,21,29.97,0.4,0.3887,0.6679
8/13/2022,25,19,73,22,29.97,1.1,0.521,0.7667
8/14/2022,25,18,72,20,29.94,0.2,0.4305,0.7696
8/15/2022,25,19,73,23,29.91,0.1,0.3866,0.6639
8/16/2022,25,18,68,27,29.88,0.1,0.2795,0.6034
8/17/2022,26,21,79,22,29.91,0.6,0.5025,0.7357
8/18/2022,26,21,78,20,29.91,4.9,0.5724,0.8139
8/19/2022,25,21,81,22,29.88,3.2,0.625,0.8291
8/20/2022,26,20,75,20,29.91,1.2,0.5387,0.7556
8/21/2022,26,21,80,18,29.91,3.9,0.3433,0.6559
8/22/2022,26,20,75,22,29.94,0.8,0.3131,0.6017
8/23/2022,26,20,75,25,29.97,1.7,0.4263,0.66
8/24/2022,25,20,76,20,29.94,5.8,0.5018,0.7409
8/25/2022,26,20,74,21,29.94,0.4,0.5709,0.804
8/26/2022,26,21,77,22,29.94,2.2,0.5209,0.796
8/27/2022,26,21,80,19,29.97,2,0.369,0.6915
8/28/2022,26,21,76,19,29.97,3.4,0.2917,0.5755
8/29/2022,26,21,77,21,29.91,1.3,0.5092,0.7587
8/30/2022,26,20,73,21,29.88,0.2,0.5744,0.8413
8/31/2022,26,20,72,19,29.91,1.7,0.5407,0.8629
9/1/2022,26,20,75,20,29.91,0.7,0.5968,0.8243
9/2/2022,26,20,75,24,29.94,1.6,0.4207,0.7453
9/3/2022,26,20,74,22,29.94,0.9,0.2678,0.5968
9/4/2022,26,20,73,23,29.94,0.5,0.4937,0.7806
9/5/2022,26,20,73,23,29.94,0.2,0.5946,0.8453
9/6/2022,25,20,75,23,29.91,0.5,0.5979,0.8431
9/7/2022,26,20,73,20,29.88,0.3,0.4604,0.834
9/8/2022,24,20,81,17,29.91,3.3,0.448,0.7667
9/9/2022,26,20,74,20,29.97,0.9,0.3114,0.6428
9/10/2022,26,20,74,25,29.97,0.3,0.5062,0.7616
9/11/2022,26,21,78,24,29.91,5,0.5257,0.8278
9/12/2022,27,20,74,24,29.91,0.5,0.5847,0.8532
9/13/2022,26,21,75,25,29.94,0.7,0.5015,0.7786
9/14/2022,27,21,77,22,29.94,0,0.4503,0.7503
9/15/2022,27,22,78,20,29.94,0.5,0.3148,0.6611
9/16/2022,27,21,76,20,29.94,1.4,0.5331,0.8145
9/17/2022,26,21,77,18,29.91,1.5,0.5358,0.8601
9/18/2022,27,21,77,19,29.94,2.2,0.5847,0.86
9/19/2022,26,21,77,20,29.94,1.2,0.5632,0.8464
9/20/2022,26,20,75,22,29.94,1.1,0.4775,0.8109
9/21/2022,26,21,75,20,29.91,0.9,0.3613,0.6812
9/22/2022,26,20,74,18,29.94,0.7,0.5127,0.7595
9/23/2022,27,21,78,21,29.94,2,0.5634,0.7688
9/24/2022,26,22,82,20,29.94,23,0.5812,0.8533
9/25/2022,26,22,81,15,29.94,5,0.5072,0.8446
9/26/2022,26,21,78,19,29.91,0.5,0.4312,0.7761
9/27/2022,26,21,76,16,29.88,0.7,0.3837,0.7121
